project_id,start_date,end_date,planned_duration,planned_budget,actual_budget,budget_overrun_pct,team_size,priority,department,program_type,risk_level,complexity,manager_experience,scope_changes,delayed_tasks,resource_utilization_pct,schedule_overrun_pct,success,ROI,customer_satisfaction
PRJ-1000,2022-05-10,2022-09-19,132,958002.21,1096694.27,14.48,21,Medium,IT,System Upgrade,7.74,4.81,4,1,3,75.71,55.34,0,-12.74,1.9
PRJ-1001,2022-04-11,2022-07-04,84,2360476.32,2115942.07,-10.36,39,High,Marketing,New Product Launch,2.7,5.75,7,0,3,77.51,22.96,0,-2.69,2.73
PRJ-1002,2022-10-22,2023-02-09,110,2154521.58,2401429.66,11.46,31,Medium,HR,New Product Launch,2.21,6.48,8,5,4,86.71,21.74,0,-16.48,2.38
PRJ-1003,2021-01-13,2021-11-27,318,416521.03,361813.43,-13.13,41,Medium,IT,New Product Launch,6.32,5.48,9,2,6,94.73,60.03,0,-14.99,2.38
PRJ-1004,2022-06-10,2022-07-24,44,584062.56,623433.88,6.74,34,High,Marketing,Compliance,4.4,3.44,7,2,1,89.24,41.33,1,35.24,3.86
PRJ-1005,2020-07-08,2021-03-25,260,594757.03,645377.19,8.51,29,Medium,HR,Process Improvement,7.55,4.42,9,1,5,88.01,38.4,0,-12.16,2.12
PRJ-1006,2022-08-09,2023-06-29,324,232590.39,247021.7,6.2,25,Medium,HR,Cost Reduction,9.93,5.96,19,3,7,82.41,78.62,0,-11.14,1.52
PRJ-1007,2022-08-12,2023-05-20,281,1140193.19,1295599.11,13.63,28,High,HR,System Upgrade,1.9,5.14,7,1,2,77.17,23.68,1,24.87,3.9
PRJ-1008,2022-10-13,2023-03-03,141,2607347.66,2770476.16,6.26,34,Low,IT,Process Improvement,6.0,2.12,3,7,6,96.91,21.58,1,9.44,3.07
PRJ-1009,2021-02-04,2022-01-03,333,1574900.92,1532906.72,-2.67,14,Medium,Finance,System Upgrade,9.55,5.29,14,4,8,84.88,73.52,0,-17.13,1.38
PRJ-1010,2020-06-29,2021-05-26,331,2882847.72,2479526.35,-13.99,35,High,Finance,New Product Launch,3.81,3.15,10,3,3,79.87,38.05,0,-10.51,1.25
PRJ-1011,2021-06-21,2022-03-24,276,4060061.3,3501538.94,-13.76,27,High,IT,System Upgrade,3.53,5.39,7,5,2,80.15,44.66,0,-21.49,1.79
PRJ-1012,2021-11-12,2022-10-12,334,4121872.78,3591700.79,-12.86,35,Low,HR,System Upgrade,4.33,3.92,12,1,1,92.77,56.84,1,33.55,1.95
PRJ-1013,2020-04-29,2020-10-20,174,1390619.64,1512008.03,8.73,30,Low,Operations,Compliance,3.28,6.68,9,1,3,87.71,60.91,0,-1.66,1.45
PRJ-1014,2022-09-23,2023-03-25,183,644815.01,589360.36,-8.6,49,High,Operations,New Product Launch,4.47,4.53,16,2,3,103.72,39.96,1,31.7,3.48
PRJ-1015,2021-05-11,2022-02-22,287,4342634.72,4688466.28,7.96,34,Medium,HR,System Upgrade,5.23,6.32,18,1,7,80.81,45.99,1,25.21,2.53
PRJ-1016,2022-10-18,2023-02-14,119,4081618.99,3777752.93,-7.44,47,Medium,IT,New Product Launch,4.29,5.9,4,1,8,84.21,49.39,0,-14.95,2.56
PRJ-1017,2022-11-08,2023-06-12,216,1976548.31,2083678.75,5.42,14,Medium,Finance,New Product Launch,5.78,4.75,20,3,5,78.01,49.09,1,23.46,2.84
PRJ-1018,2022-01-20,2022-07-14,175,757808.83,888734.14,17.28,40,Low,IT,Cost Reduction,7.72,5.49,10,2,8,79.93,57.41,0,-7.3,1.26
PRJ-1019,2020-06-21,2020-11-23,155,106200.54,86617.65,-18.44,30,High,Finance,Process Improvement,8.18,5.94,8,0,9,85.7,68.57,1,33.09,2.44
PRJ-1020,2021-10-17,2022-01-01,76,3698648.49,3777590.04,2.13,26,Medium,Marketing,System Upgrade,3.8,2.09,4,2,0,92.84,32.69,0,-8.61,1.7
PRJ-1021,2021-01-24,2021-04-09,75,4751509.57,5456556.78,14.84,7,Medium,IT,Compliance,2.36,8.66,18,1,6,87.59,52.11,0,-14.36,2.81
PRJ-1022,2022-11-12,2023-08-27,288,3856487.71,3807877.67,-1.26,48,Medium,HR,Process Improvement,1.8,3.3,4,2,1,75.64,25.34,1,30.85,3.58
PRJ-1023,2022-02-01,2022-10-10,251,2047240.19,2621796.18,28.06,49,High,Operations,System Upgrade,7.79,4.22,14,2,1,67.69,70.07,0,-12.6,1.76
PRJ-1024,2022-10-16,2023-10-15,364,1524899.29,2182407.57,43.12,31,Low,HR,Process Improvement,5.46,1.59,5,3,1,84.44,27.04,0,-16.35,3.19
PRJ-1025,2021-09-25,2021-12-24,90,1158052.88,1141988.36,-1.39,23,Medium,IT,Process Improvement,3.94,3.41,6,0,2,104.65,30.29,0,-7.94,3.0
PRJ-1026,2022-04-10,2022-08-24,136,1917565.53,2083054.11,8.63,17,Low,Finance,Cost Reduction,3.45,6.6,14,2,2,85.69,46.81,0,-12.74,1.8
PRJ-1027,2022-11-04,2023-07-18,256,569102.37,488797.43,-14.11,39,High,Marketing,Compliance,5.52,2.42,17,1,5,85.77,28.24,1,14.7,4.33
PRJ-1028,2021-11-22,2022-04-01,130,3247290.34,2166736.57,-33.28,47,Low,Finance,Process Improvement,6.88,5.99,6,3,3,83.06,66.37,0,-18.95,2.27
PRJ-1029,2020-07-12,2020-10-11,91,2805976.32,2904461.8,3.51,10,Medium,Operations,Cost Reduction,7.48,4.83,5,1,4,91.39,37.29,0,3.38,1.35
PRJ-1030,2020-01-10,2020-08-04,207,2765585.43,2129381.56,-23.0,42,High,Marketing,Process Improvement,5.46,3.8,5,0,4,92.6,43.2,0,-13.0,2.47
PRJ-1031,2022-07-06,2023-06-20,349,288068.49,291570.96,1.22,31,Medium,HR,System Upgrade,5.68,4.18,14,2,6,90.53,47.86,1,10.91,3.8
PRJ-1032,2022-10-03,2023-03-26,174,1950261.55,2395861.52,22.85,41,Medium,Operations,Compliance,5.19,2.04,20,5,3,96.44,57.18,1,20.53,3.2
PRJ-1033,2020-02-16,2020-12-02,290,2074328.13,1993579.69,-3.89,47,Medium,Marketing,Process Improvement,6.74,7.71,19,5,5,82.31,62.43,1,25.33,2.55
PRJ-1034,2022-06-06,2022-11-15,162,163961.89,211673.84,29.1,33,Medium,IT,New Product Launch,6.34,2.32,14,3,7,103.87,43.1,1,8.97,2.53
PRJ-1035,2020-03-15,2020-05-08,54,4618653.15,3320944.01,-28.1,9,Low,Marketing,Process Improvement,7.54,3.36,17,1,4,95.39,42.81,1,18.16,2.92
PRJ-1036,2021-11-19,2022-03-12,113,2808661.58,3010802.61,7.2,42,Medium,Operations,Compliance,7.26,10.0,13,3,10,85.59,68.73,0,-8.93,1.0
PRJ-1037,2020-03-27,2020-10-04,191,4895710.61,6042907.51,23.43,34,High,Operations,Compliance,6.87,7.54,1,2,13,68.07,51.98,0,-9.14,2.15
PRJ-1038,2022-07-03,2022-11-21,141,2936055.73,3625457.48,23.48,49,Low,HR,System Upgrade,4.63,2.0,2,1,5,96.39,32.82,1,14.45,3.41
PRJ-1039,2021-06-09,2022-02-02,238,3721350.37,2908081.58,-21.85,4,Low,IT,New Product Launch,2.3,6.49,11,1,7,84.31,7.2,0,-21.03,2.3
PRJ-1040,2020-09-24,2021-01-29,127,3183835.41,5100989.51,60.22,19,Medium,HR,System Upgrade,4.57,1.32,14,0,2,72.2,12.45,0,-8.85,3.42
PRJ-1041,2022-01-13,2022-12-03,324,2853702.97,2491980.26,-12.68,36,Medium,Finance,New Product Launch,6.04,4.76,5,1,5,80.2,69.47,0,-22.22,1.0
PRJ-1042,2020-02-11,2020-06-23,133,2325423.49,2900139.21,24.71,19,High,Marketing,Cost Reduction,3.81,4.85,15,0,10,91.21,30.51,1,34.73,2.96
PRJ-1043,2020-11-30,2021-09-25,299,3502230.32,5502688.5,57.12,11,High,Finance,Compliance,4.61,4.69,18,1,5,95.19,38.65,0,-21.7,1.48
PRJ-1044,2022-09-08,2022-10-11,33,1627824.89,1991730.03,22.36,44,Medium,HR,New Product Launch,5.57,4.56,3,1,9,94.96,39.07,0,-10.22,1.91
PRJ-1045,2021-01-10,2021-06-30,171,1471833.01,1462476.68,-0.64,6,Low,Finance,Compliance,6.33,8.23,16,0,7,94.84,54.22,1,25.93,2.78
PRJ-1046,2022-02-10,2022-05-02,81,1196774.92,1296454.83,8.33,47,Medium,Marketing,System Upgrade,5.98,4.17,3,3,5,83.96,70.79,0,-13.8,1.0
PRJ-1047,2022-09-14,2023-02-13,152,2409550.3,2106731.9,-12.57,5,Medium,HR,Compliance,6.09,7.17,5,2,0,82.65,56.96,0,-11.2,1.68
PRJ-1048,2020-02-09,2020-04-18,69,2850373.22,3325774.54,16.68,21,Low,HR,System Upgrade,4.28,4.24,16,5,3,90.47,42.47,0,-15.44,1.84
PRJ-1049,2021-08-11,2022-04-03,235,2561965.28,2488519.47,-2.87,41,Medium,IT,System Upgrade,6.31,1.21,8,2,5,91.08,41.04,0,-9.35,2.18
PRJ-1050,2020-07-10,2021-03-15,248,3555451.84,3827777.89,7.66,3,Low,Finance,Process Improvement,3.6,3.83,3,2,4,104.11,32.35,1,5.92,3.4
PRJ-1051,2020-06-05,2021-04-15,314,1526953.43,1959360.3,28.32,34,High,HR,New Product Launch,5.49,3.87,11,2,5,84.54,45.49,1,10.78,2.76
PRJ-1052,2022-03-02,2023-01-06,310,1874205.4,1937122.04,3.36,10,High,Operations,New Product Launch,7.23,4.16,8,4,4,80.18,49.9,0,-2.6,1.67
PRJ-1053,2021-01-20,2021-06-15,146,3997917.55,3653255.75,-8.62,13,Low,HR,Process Improvement,8.93,4.23,18,2,5,84.96,49.73,1,14.05,3.9
PRJ-1054,2020-08-12,2020-09-12,31,484939.17,483078.35,-0.38,28,High,Operations,Compliance,4.83,3.0,7,2,1,82.19,39.23,1,30.03,3.4
PRJ-1055,2020-04-20,2021-04-12,357,4083384.31,4147140.9,1.56,9,High,HR,Compliance,6.3,8.95,6,3,3,74.68,59.08,1,24.0,3.79
PRJ-1056,2021-10-23,2022-06-20,240,1694957.4,1613701.32,-4.79,30,Medium,Marketing,Compliance,10.0,6.23,15,1,7,74.77,72.93,0,-11.2,1.98
PRJ-1057,2020-10-21,2021-08-08,291,1420297.6,1480373.78,4.23,14,Medium,Marketing,System Upgrade,3.66,1.0,15,2,3,77.96,23.85,1,22.15,3.1
PRJ-1058,2020-05-09,2021-01-24,260,521544.46,409404.43,-21.5,30,Medium,Finance,Cost Reduction,7.15,6.61,1,1,4,72.54,36.62,1,19.43,3.69
PRJ-1059,2020-11-08,2020-12-08,30,876857.44,676583.85,-22.84,22,Low,Operations,New Product Launch,7.81,1.79,15,4,3,85.48,45.54,1,21.04,2.85
PRJ-1060,2022-11-01,2023-05-28,208,784298.84,967248.73,23.33,33,High,IT,System Upgrade,5.69,5.3,12,1,4,68.26,52.35,0,-12.64,1.8
PRJ-1061,2020-10-29,2021-04-21,174,2874518.25,3002839.99,4.46,14,High,HR,Process Improvement,5.4,4.48,4,2,5,84.36,47.71,1,29.47,3.76
PRJ-1062,2021-05-08,2022-04-26,353,4632090.41,5698837.33,23.03,15,Medium,IT,New Product Launch,4.72,4.4,11,1,5,98.76,60.95,0,-8.15,1.7
PRJ-1063,2022-08-31,2023-01-17,139,3116477.21,3127447.77,0.35,48,Medium,IT,Process Improvement,10.0,5.07,8,2,10,92.59,72.01,0,-11.81,1.64
PRJ-1064,2021-05-08,2021-07-28,81,1571085.33,1706165.4,8.6,18,High,IT,System Upgrade,7.78,5.51,2,1,3,80.21,75.91,0,-11.92,2.08
PRJ-1065,2021-07-12,2022-01-29,201,4759446.54,4925889.94,3.5,24,High,Marketing,System Upgrade,5.1,5.08,9,2,5,91.93,49.31,1,19.42,3.35
PRJ-1066,2021-08-03,2022-05-01,271,881670.33,1037510.3,17.68,23,Medium,Marketing,Compliance,5.83,7.45,11,1,6,101.23,63.25,1,18.67,2.99
PRJ-1067,2020-10-14,2020-12-24,71,1407095.3,1327130.54,-5.68,48,High,HR,Compliance,6.62,2.38,4,1,2,77.41,42.57,1,31.77,2.47
PRJ-1068,2020-03-07,2020-05-25,79,2688141.04,2192123.51,-18.45,8,Medium,Operations,Cost Reduction,2.53,4.71,6,3,3,79.71,34.5,0,-21.24,1.64
PRJ-1069,2022-09-06,2023-02-18,165,2400688.39,3114217.72,29.72,32,High,IT,Cost Reduction,3.93,2.19,8,0,4,93.13,19.35,1,17.5,5.0
PRJ-1070,2021-04-25,2021-10-13,171,1175418.64,962256.54,-18.13,4,Medium,Operations,Cost Reduction,1.92,5.17,11,4,4,92.08,42.01,1,12.86,3.85
PRJ-1071,2022-10-27,2023-01-31,96,1558161.74,1717176.99,10.21,11,Low,IT,New Product Launch,4.13,3.91,14,3,5,59.74,39.04,0,-12.23,1.83
PRJ-1072,2022-11-01,2022-12-25,54,4830819.7,3330938.19,-31.05,16,High,Finance,New Product Launch,3.71,4.25,6,0,0,91.33,14.73,1,30.86,3.62
PRJ-1073,2021-11-20,2022-09-12,296,336013.78,312386.38,-7.03,17,High,Marketing,Compliance,3.77,4.4,16,3,2,94.51,42.3,0,-14.42,2.52
PRJ-1074,2020-06-03,2020-07-09,36,2099942.28,2432347.48,15.83,24,Medium,Operations,Process Improvement,6.52,4.53,6,2,2,74.54,40.25,0,-14.56,1.4
PRJ-1075,2021-09-15,2021-12-05,81,3699917.53,3855248.57,4.2,42,High,Marketing,New Product Launch,5.89,7.41,6,2,4,88.25,54.0,0,-8.93,1.97
PRJ-1076,2021-12-26,2022-10-15,293,3201514.93,2951480.81,-7.81,26,Medium,HR,New Product Launch,5.34,4.94,8,0,2,87.59,28.03,0,-22.22,1.92
PRJ-1077,2022-02-11,2022-11-28,290,3318498.46,3840599.65,15.73,34,High,HR,New Product Launch,4.75,3.57,15,0,5,87.81,25.18,0,-3.98,3.58
PRJ-1078,2020-05-28,2021-03-19,295,669906.17,568000.84,-15.21,15,Low,Marketing,Process Improvement,4.87,8.06,2,0,5,90.08,54.29,0,-10.76,2.02
PRJ-1079,2020-02-08,2020-07-08,151,4240245.98,4312700.7,1.71,43,Medium,Operations,Process Improvement,9.26,6.38,8,2,5,88.22,62.6,0,-11.43,1.82
PRJ-1080,2021-04-05,2021-06-17,73,2096411.42,2538102.59,21.07,5,Low,IT,Process Improvement,6.7,6.13,7,3,8,67.39,65.51,0,-13.78,1.73
PRJ-1081,2020-08-21,2020-12-14,115,3816904.26,2318214.1,-39.26,14,Medium,Operations,System Upgrade,3.43,6.3,2,5,3,80.42,42.46,1,15.81,2.26
PRJ-1082,2021-05-30,2021-09-07,100,2575043.08,2426880.4,-5.75,6,Low,Operations,System Upgrade,5.61,4.96,18,1,6,78.33,45.73,0,-3.32,1.55
PRJ-1083,2022-02-01,2023-01-15,348,4016766.23,4846223.23,20.65,49,Medium,HR,Cost Reduction,2.95,8.71,4,1,8,92.18,59.64,0,-15.69,1.81
PRJ-1084,2022-07-10,2022-09-12,64,4370014.74,4266156.77,-2.38,23,High,Finance,Process Improvement,5.8,2.66,6,1,3,56.28,36.26,1,17.67,2.9
PRJ-1085,2021-09-23,2022-07-19,299,4875431.53,4189356.31,-14.07,18,Low,HR,Compliance,4.39,8.14,13,1,4,95.71,41.09,0,-10.71,1.63
PRJ-1086,2022-08-01,2023-01-20,172,4687271.19,4818937.3,2.81,16,High,Finance,New Product Launch,3.79,6.59,5,4,1,72.46,39.38,1,20.29,2.5
PRJ-1087,2022-08-11,2022-10-07,57,2735601.73,2906128.11,6.23,41,High,Operations,Compliance,5.76,8.62,6,2,3,83.77,69.86,0,-3.34,1.06
PRJ-1088,2021-09-02,2021-11-29,88,307185.06,283932.08,-7.57,9,Low,HR,Process Improvement,6.2,5.26,4,2,7,95.66,50.19,1,17.03,2.51
PRJ-1089,2021-08-23,2022-06-27,308,2017037.88,2115712.43,4.89,45,High,HR,New Product Launch,5.23,2.12,9,3,5,81.65,34.47,0,-6.46,2.39
PRJ-1090,2022-09-16,2023-07-02,289,3095725.22,3265506.84,5.48,18,Low,IT,Compliance,7.82,4.98,13,4,2,88.03,57.05,0,-16.18,1.0
PRJ-1091,2020-07-29,2021-01-08,163,3809932.93,3231464.5,-15.18,13,High,Marketing,Cost Reduction,5.55,6.46,9,3,4,81.08,43.94,0,-8.96,2.45
PRJ-1092,2020-09-29,2021-03-27,179,4215165.39,4766281.48,13.07,37,High,HR,Process Improvement,4.95,4.36,15,2,5,78.25,52.14,1,24.96,3.32
PRJ-1093,2020-07-28,2021-07-25,362,3271304.31,3871562.99,18.35,8,Medium,IT,Compliance,6.35,8.8,2,3,4,88.32,66.03,0,-21.67,1.75
PRJ-1094,2020-10-10,2021-08-10,304,139132.45,170817.44,22.77,21,High,HR,Compliance,3.95,5.73,8,1,3,103.38,46.39,0,-11.64,1.37
PRJ-1095,2021-11-25,2022-04-23,149,2680016.78,2131599.71,-20.46,32,Medium,Finance,Process Improvement,1.75,4.01,14,2,2,94.75,29.78,0,-9.85,3.55
PRJ-1096,2021-03-13,2022-03-09,361,2201250.01,2536369.45,15.22,28,Medium,Finance,Process Improvement,7.75,4.3,19,4,7,81.45,68.71,0,-10.09,1.63
PRJ-1097,2022-01-22,2022-05-24,122,3131472.49,3417093.8,9.12,16,High,Marketing,System Upgrade,1.99,6.52,17,1,0,81.91,23.99,0,-6.13,3.79
PRJ-1098,2022-03-27,2022-12-14,262,3104479.25,3061603.95,-1.38,41,Medium,IT,New Product Launch,3.41,4.13,11,0,3,85.69,35.22,1,17.71,2.9
PRJ-1099,2020-04-12,2020-08-09,119,4772463.98,5993471.97,25.58,7,Medium,HR,New Product Launch,5.29,3.77,18,3,4,96.34,35.64,0,-10.81,2.65
PRJ-1100,2022-06-28,2023-04-19,295,3198675.43,3490857.83,9.13,30,High,Marketing,Compliance,6.52,5.9,2,5,5,74.25,73.66,0,-11.88,1.0
PRJ-1101,2022-11-19,2023-03-01,102,2259776.61,2862506.97,26.67,36,High,Finance,New Product Launch,3.14,1.0,12,2,2,95.33,33.98,0,-8.68,1.51
PRJ-1102,2022-04-12,2022-07-06,85,1762093.43,2311975.39,31.21,45,Low,Finance,System Upgrade,7.79,7.55,11,2,6,80.02,65.65,1,15.79,2.14
PRJ-1103,2020-09-18,2021-08-19,335,3793257.39,3708431.55,-2.24,17,High,HR,System Upgrade,2.81,4.93,5,4,4,90.29,16.43,0,-5.74,3.39
PRJ-1104,2022-01-31,2022-04-12,71,335355.53,267516.14,-20.23,46,Medium,HR,New Product Launch,3.27,5.34,1,1,6,97.6,53.98,0,-8.54,1.81
PRJ-1105,2020-03-04,2020-09-13,193,2985421.78,2795724.62,-6.35,36,Medium,HR,System Upgrade,5.53,8.54,12,0,5,75.91,53.56,1,10.87,3.09
PRJ-1106,2021-02-10,2021-05-25,104,1963375.51,1222918.19,-37.71,19,Low,IT,Process Improvement,10.0,7.39,15,2,8,81.63,80.0,0,-13.02,1.76
PRJ-1107,2022-06-24,2022-09-15,83,715453.89,886808.88,23.95,23,High,IT,Compliance,7.29,3.94,3,2,4,92.25,57.43,0,-12.76,1.35
PRJ-1108,2020-07-19,2020-12-23,157,3842273.87,4304459.61,12.03,42,High,Finance,Compliance,7.14,8.08,14,2,4,78.04,64.24,0,-3.92,2.24
PRJ-1109,2020-11-17,2021-05-09,173,410864.09,431660.72,5.06,15,High,Finance,Process Improvement,2.8,6.27,2,3,3,85.79,39.03,0,-1.55,1.26
PRJ-1110,2022-11-12,2023-06-12,212,4341320.67,5687770.25,31.01,22,Medium,Finance,Compliance,4.63,2.79,14,4,3,92.82,42.86,0,-21.14,1.43
PRJ-1111,2020-10-20,2021-02-22,125,4483847.29,4721831.06,5.31,26,Medium,IT,New Product Launch,6.65,3.27,11,1,9,85.78,39.5,1,15.76,3.76
PRJ-1112,2020-08-22,2021-04-21,242,3348607.8,3575414.09,6.77,32,Medium,Finance,New Product Launch,5.39,4.63,19,1,5,67.59,28.82,1,19.76,4.14
PRJ-1113,2022-06-16,2022-08-15,60,1099370.57,1083959.16,-1.4,11,High,Marketing,System Upgrade,5.78,6.26,1,2,5,81.57,71.35,0,-10.19,1.63
PRJ-1114,2022-12-03,2023-02-23,82,544340.76,453722.47,-16.65,40,High,Operations,Compliance,6.58,4.54,3,2,1,75.06,50.74,1,21.81,3.34
PRJ-1115,2021-11-28,2022-04-10,133,4292791.32,5124035.18,19.36,44,Medium,HR,New Product Launch,6.35,6.18,2,1,6,90.91,72.19,1,28.89,3.63
PRJ-1116,2022-12-04,2023-08-07,246,2020126.2,1961207.69,-2.92,43,High,Marketing,Compliance,4.64,5.3,13,2,7,91.36,36.48,0,-15.3,2.27
PRJ-1117,2021-04-05,2022-01-26,296,4065062.66,5417098.24,33.26,42,High,Finance,Compliance,7.25,6.04,15,2,4,76.65,79.23,0,-8.27,1.51
PRJ-1118,2020-10-03,2021-01-01,90,4813435.5,5684334.4,18.09,20,Medium,Operations,Process Improvement,5.37,2.38,3,1,1,86.92,40.48,0,-17.79,2.11
PRJ-1119,2020-12-22,2021-06-08,168,2213129.63,2470668.81,11.64,21,High,Finance,New Product Launch,3.99,3.85,18,3,6,75.39,45.82,0,-15.95,2.02
PRJ-1120,2020-03-26,2020-07-26,122,3035168.32,3468252.28,14.27,30,Low,Marketing,Process Improvement,6.09,2.5,8,2,1,91.05,62.96,0,-13.7,1.91
PRJ-1121,2021-08-23,2022-01-28,158,3816989.22,3869492.54,1.38,5,Medium,Finance,Compliance,7.84,3.8,3,0,7,89.87,57.17,0,-19.95,2.21
PRJ-1122,2021-10-12,2022-07-24,285,2838456.98,1944660.43,-31.49,21,Low,Operations,Compliance,3.48,4.56,7,5,2,73.89,36.77,1,18.11,3.3
PRJ-1123,2020-02-09,2020-09-20,224,285824.22,279229.52,-2.31,38,Medium,Marketing,Process Improvement,7.07,6.48,10,3,6,98.67,52.37,0,-5.09,1.57
PRJ-1124,2022-11-27,2023-11-23,361,3672037.45,3059680.51,-16.68,15,Low,Marketing,Cost Reduction,8.63,1.55,5,2,8,78.22,69.8,0,-15.87,1.69
PRJ-1125,2021-12-26,2022-02-03,39,1363364.38,1460247.6,7.11,6,High,Finance,Cost Reduction,5.29,5.98,5,0,9,91.66,48.61,0,-13.08,2.3
PRJ-1126,2020-09-01,2021-06-19,291,4289859.26,5412264.08,26.16,49,Low,Marketing,System Upgrade,6.88,8.27,17,1,5,63.57,46.0,1,25.67,3.43
PRJ-1127,2020-10-09,2021-05-19,222,2437208.59,2583330.79,6.0,42,High,IT,Cost Reduction,5.98,3.95,3,4,4,89.26,47.93,1,17.97,2.89
PRJ-1128,2020-04-22,2021-04-14,357,147988.51,119075.24,-19.54,14,Low,Operations,Process Improvement,4.13,1.96,14,2,1,96.13,25.42,1,19.82,3.21
PRJ-1129,2020-05-07,2021-01-06,244,3767152.0,4211720.67,11.8,22,High,Operations,System Upgrade,3.07,3.09,10,1,2,88.88,27.01,1,19.55,2.92
PRJ-1130,2022-10-15,2023-05-09,206,3047139.21,4238962.47,39.11,4,Medium,Marketing,Process Improvement,5.24,6.9,11,1,4,72.14,50.03,0,-20.79,2.4
PRJ-1131,2021-04-25,2021-08-05,102,3376677.39,2190700.36,-35.12,8,High,Marketing,Cost Reduction,2.75,3.16,2,2,3,88.91,14.0,0,-11.51,3.37
PRJ-1132,2022-10-27,2023-02-01,97,1302852.62,1517056.56,16.44,38,Medium,IT,System Upgrade,4.88,6.52,6,1,0,99.59,37.28,1,27.75,2.55
PRJ-1133,2021-01-13,2021-05-15,122,3631066.7,3493808.06,-3.78,28,Medium,HR,Cost Reduction,8.93,6.08,18,1,3,77.16,57.99,0,-6.37,1.59
PRJ-1134,2020-12-03,2021-11-28,360,1892391.94,2277750.9,20.36,21,Medium,HR,System Upgrade,4.33,1.35,14,2,4,84.45,23.74,1,34.82,3.32
PRJ-1135,2020-12-28,2021-03-25,87,3207873.6,4242487.92,32.25,40,Low,IT,System Upgrade,1.77,1.0,11,1,1,81.13,13.39,0,-17.38,2.63
PRJ-1136,2022-09-14,2023-09-02,353,571696.43,543897.94,-4.86,3,High,Finance,New Product Launch,7.89,7.98,18,3,6,85.85,74.18,0,-12.24,1.15
PRJ-1137,2020-11-09,2021-06-03,206,4708548.02,5252742.72,11.56,35,High,Operations,System Upgrade,6.28,4.43,6,2,8,90.56,39.47,0,-7.9,2.88
PRJ-1138,2021-12-21,2022-11-04,318,2100294.58,2445838.45,16.45,12,Medium,Finance,Cost Reduction,5.7,7.24,2,2,2,103.34,64.41,0,-4.15,2.45
PRJ-1139,2022-09-28,2023-04-20,204,899884.84,1015000.66,12.79,36,Medium,HR,New Product Launch,7.03,4.52,2,0,8,95.92,55.86,1,29.55,3.75
PRJ-1140,2021-06-24,2022-03-31,280,3160710.96,2625664.24,-16.93,27,Medium,HR,Process Improvement,6.68,6.83,1,2,5,95.73,54.62,0,-16.97,1.04
PRJ-1141,2022-01-01,2022-11-18,321,2750646.65,2840208.45,3.26,47,High,Operations,New Product Launch,6.57,1.0,15,2,2,100.46,47.98,0,-11.62,1.78
PRJ-1142,2022-06-16,2022-10-19,125,3325337.23,3357598.63,0.97,36,Medium,HR,Process Improvement,4.99,5.54,4,5,4,100.13,53.05,1,27.56,2.91
PRJ-1143,2022-05-07,2022-08-08,93,4451183.22,5957211.48,33.83,39,Medium,IT,System Upgrade,8.18,5.51,12,2,4,85.16,70.45,0,-12.09,1.15
PRJ-1144,2021-10-19,2022-08-23,308,4794564.29,6521715.02,36.02,49,Medium,IT,System Upgrade,1.0,7.64,1,3,2,92.27,40.06,0,-17.37,2.23
PRJ-1145,2020-06-09,2021-01-28,233,2190113.82,2605058.5,18.95,3,Medium,Operations,System Upgrade,1.6,4.48,3,5,3,87.34,27.62,1,28.41,2.56
PRJ-1146,2022-03-13,2023-01-05,298,161008.15,208177.0,29.3,13,Medium,Finance,Compliance,3.8,2.94,15,1,3,96.13,31.77,1,21.73,3.58
PRJ-1147,2020-07-29,2020-10-14,77,4348633.4,3633739.89,-16.44,13,High,Operations,Cost Reduction,4.59,6.12,5,2,9,87.02,51.82,0,-6.72,1.79
PRJ-1148,2022-12-23,2023-12-08,350,4060780.0,3178771.79,-21.72,24,Medium,Marketing,Compliance,4.22,8.97,14,1,9,79.69,33.48,1,25.28,2.56
PRJ-1149,2021-10-21,2022-04-18,179,207131.64,263591.82,27.26,42,Medium,Operations,Compliance,5.33,4.79,20,3,7,87.53,55.21,1,18.8,2.74
PRJ-1150,2021-01-14,2021-11-15,305,381731.86,385101.83,0.88,9,Low,Finance,System Upgrade,3.51,3.68,20,0,2,77.95,31.91,1,14.11,3.83
PRJ-1151,2022-05-11,2022-09-10,122,151578.03,122234.84,-19.36,12,High,HR,Compliance,3.46,2.41,13,0,2,93.81,20.72,1,19.95,3.36
PRJ-1152,2020-04-05,2021-03-02,331,822105.28,1111817.81,35.24,48,Medium,Operations,Cost Reduction,4.77,5.23,1,2,2,83.99,48.96,0,-9.86,1.61
PRJ-1153,2021-11-09,2022-10-23,348,2834648.25,3433263.72,21.12,34,Medium,Marketing,Compliance,4.44,6.69,18,3,3,77.86,65.18,0,-15.77,2.07
PRJ-1154,2020-09-26,2021-05-01,217,3241488.98,3595216.13,10.91,27,Medium,Marketing,New Product Launch,1.97,3.24,6,2,3,94.62,39.17,0,-7.28,1.86
PRJ-1155,2020-12-14,2021-11-23,344,3989835.62,4778957.65,19.78,27,High,HR,System Upgrade,9.96,9.53,4,0,8,75.63,71.72,0,-12.39,2.01
PRJ-1156,2022-06-05,2023-01-09,218,2461963.5,3539905.94,43.78,41,High,Marketing,System Upgrade,2.2,4.65,14,2,1,91.07,53.05,1,25.46,2.61
PRJ-1157,2022-07-14,2023-02-08,209,2778241.81,2918179.6,5.04,11,High,Marketing,Process Improvement,4.43,5.57,3,2,7,85.99,36.41,1,31.43,2.56
PRJ-1158,2021-01-24,2021-04-19,85,1861134.76,2371795.04,27.44,10,High,Marketing,Cost Reduction,3.36,3.56,11,1,1,92.45,41.59,1,26.19,3.71
PRJ-1159,2020-06-25,2021-05-13,322,1443999.41,1085232.33,-24.85,15,Medium,IT,Cost Reduction,6.75,7.95,14,2,8,80.03,55.19,1,15.4,2.27
PRJ-1160,2022-07-08,2023-05-23,319,2381253.25,3074671.58,29.12,42,Medium,HR,Process Improvement,6.55,6.73,5,0,9,86.67,46.68,0,-18.94,2.14
PRJ-1161,2021-03-21,2021-08-13,145,2454796.27,2880181.25,17.33,40,Medium,Operations,Cost Reduction,5.64,5.26,14,2,5,104.09,56.07,1,2.9,2.4
PRJ-1162,2021-07-26,2022-03-15,232,3910942.22,3534285.19,-9.63,40,Medium,Marketing,New Product Launch,4.5,8.03,19,2,6,91.02,49.96,0,-6.82,1.87
PRJ-1163,2021-07-05,2022-05-08,307,4947687.24,4896593.58,-1.03,3,Low,IT,Cost Reduction,5.97,1.91,10,3,3,84.32,33.06,0,-15.42,2.31
PRJ-1164,2020-09-25,2021-03-16,172,2322663.92,2629609.61,13.22,8,High,HR,Cost Reduction,4.63,3.93,2,0,3,87.26,35.52,1,16.45,3.01
PRJ-1165,2021-07-28,2021-09-14,48,4695486.68,4736232.91,0.87,46,High,Marketing,New Product Launch,7.06,7.69,20,4,4,96.57,79.26,0,-13.16,1.0
PRJ-1166,2021-03-04,2021-11-08,249,1139438.95,1618269.01,42.02,5,Medium,Operations,Compliance,5.32,5.03,11,1,3,69.24,32.2,0,-17.38,1.67
PRJ-1167,2021-10-24,2022-05-14,202,4173002.09,2615769.94,-37.32,8,Low,HR,System Upgrade,5.51,4.26,6,2,4,100.08,37.39,0,-14.06,2.34
PRJ-1168,2022-01-28,2022-07-26,179,1366345.83,1885415.39,37.99,35,Low,Operations,Compliance,7.14,1.46,9,1,3,78.75,38.81,0,-18.77,1.7
PRJ-1169,2020-04-25,2020-06-18,54,1711335.2,1719978.94,0.51,12,Low,HR,Cost Reduction,4.25,3.99,2,2,1,81.41,36.4,0,-16.46,2.05
PRJ-1170,2022-09-25,2023-09-22,362,80974.48,85958.86,6.16,17,Low,HR,Cost Reduction,3.57,5.95,15,1,2,82.32,30.68,0,-15.07,2.36
PRJ-1171,2022-07-14,2022-11-21,130,1434742.54,1361880.73,-5.08,16,Low,Operations,Cost Reduction,1.0,4.25,3,3,1,86.0,32.41,1,7.41,2.38
PRJ-1172,2022-08-22,2023-02-13,175,4145414.95,2880232.37,-30.52,36,High,Marketing,System Upgrade,6.85,6.05,4,3,7,73.62,50.62,1,24.94,3.33
PRJ-1173,2021-02-18,2021-09-24,218,1482725.63,2099426.87,41.59,34,Medium,HR,Cost Reduction,2.37,8.53,2,3,0,68.3,38.14,0,-14.32,1.52
PRJ-1174,2022-09-18,2023-01-20,124,1505633.94,1780697.52,18.27,4,Medium,Finance,Cost Reduction,3.55,5.57,19,0,7,109.97,17.25,1,36.07,4.22
PRJ-1175,2022-04-24,2023-03-15,325,3322646.36,2799485.23,-15.75,44,High,Finance,Process Improvement,6.52,2.48,13,2,5,74.29,63.17,0,-15.47,1.1
PRJ-1176,2021-06-10,2021-09-25,107,4457402.39,6126425.99,37.44,26,High,Finance,Compliance,8.9,6.43,5,3,10,63.93,76.34,0,-18.76,1.76
PRJ-1177,2020-11-12,2021-05-02,171,1746518.08,1398753.53,-19.91,34,High,Marketing,Process Improvement,4.83,1.0,5,0,3,72.02,19.59,1,38.23,3.88
PRJ-1178,2020-11-21,2021-10-07,320,4070677.7,5543221.92,36.17,7,Medium,Marketing,Process Improvement,2.83,2.22,1,1,2,79.05,33.49,1,22.0,3.15
PRJ-1179,2020-05-08,2020-09-25,140,2043383.42,2560214.5,25.29,31,High,Operations,System Upgrade,5.54,7.11,16,0,8,73.18,53.55,0,-14.36,1.06
PRJ-1180,2020-07-29,2020-10-09,72,1168864.32,1516955.16,29.78,28,Medium,Operations,New Product Launch,10.0,2.89,9,0,3,75.39,65.23,1,4.79,3.88
PRJ-1181,2020-11-23,2021-08-09,259,2936494.58,3071885.37,4.61,49,High,Operations,Cost Reduction,7.8,2.32,4,1,3,81.26,46.39,1,21.32,3.79
PRJ-1182,2020-10-31,2021-02-12,104,3396719.88,2901847.51,-14.57,43,Low,HR,New Product Launch,2.1,3.96,11,2,2,81.59,5.72,1,9.75,3.78
PRJ-1183,2021-05-21,2021-10-03,135,3315466.85,4117781.1,24.2,40,Low,HR,Cost Reduction,1.0,2.61,7,2,2,68.17,6.6,0,-22.36,2.49
PRJ-1184,2020-03-11,2020-11-13,247,2996387.18,3273597.36,9.25,26,Medium,Finance,System Upgrade,7.05,5.37,11,3,3,98.91,62.43,1,19.64,3.79
PRJ-1185,2021-11-23,2022-08-01,251,1016225.96,984845.43,-3.09,3,Medium,Operations,Compliance,3.03,1.76,12,0,2,86.87,25.18,1,16.42,3.49
PRJ-1186,2020-06-20,2021-01-15,209,320098.77,389927.32,21.81,46,Medium,HR,Compliance,5.42,5.73,12,0,10,87.26,44.78,0,-8.56,2.66
PRJ-1187,2021-02-19,2021-08-17,179,4133026.15,5939423.37,43.71,7,Low,Operations,Process Improvement,5.28,8.18,10,2,1,76.41,63.08,0,-13.88,1.37
PRJ-1188,2022-06-22,2022-09-26,96,1389568.97,1426700.85,2.67,23,High,Operations,New Product Launch,2.22,5.1,16,4,1,80.7,36.12,0,-12.8,1.65
PRJ-1189,2022-07-25,2022-09-04,41,872070.52,877537.83,0.63,25,Medium,Operations,Process Improvement,6.96,1.0,18,1,1,80.29,54.28,1,29.44,3.04
PRJ-1190,2022-07-10,2023-06-27,352,3016830.64,2615034.21,-13.32,32,Low,Marketing,Compliance,7.27,2.43,20,2,4,84.63,59.44,1,13.24,2.83
PRJ-1191,2020-08-20,2021-04-22,245,3172051.35,3363134.39,6.02,45,Medium,Operations,Compliance,3.81,7.16,1,3,4,86.57,46.56,0,-16.46,2.58
PRJ-1192,2020-08-01,2021-04-23,265,4404027.41,4111791.97,-6.64,25,Medium,IT,New Product Launch,2.65,1.0,13,2,2,79.79,27.05,1,14.17,3.62
PRJ-1193,2021-10-10,2022-03-22,163,3736446.8,5007587.08,34.02,33,Medium,Marketing,Cost Reduction,5.12,2.19,13,1,3,66.6,33.84,1,30.13,3.24
PRJ-1194,2020-05-25,2021-02-03,254,3586349.8,3127692.42,-12.79,37,High,Finance,Cost Reduction,4.34,4.92,13,1,5,85.5,30.21,1,11.7,3.24
PRJ-1195,2020-01-21,2020-04-04,74,2161173.75,2819758.71,30.47,34,Medium,Operations,System Upgrade,4.22,5.8,10,3,5,76.35,32.41,0,-12.52,2.68
PRJ-1196,2021-06-08,2021-10-26,140,143779.75,126996.74,-11.67,43,Medium,Operations,System Upgrade,6.35,5.67,11,1,7,82.73,56.36,0,-16.27,2.15
PRJ-1197,2022-01-17,2022-11-18,305,319606.93,402986.77,26.09,47,Medium,Operations,System Upgrade,7.39,6.79,7,3,4,93.21,63.77,1,19.02,2.89
PRJ-1198,2020-07-01,2020-09-03,64,758648.72,984380.78,29.75,32,Low,Operations,New Product Launch,7.76,4.01,15,2,8,83.17,50.51,0,-11.29,1.41
PRJ-1199,2022-06-17,2023-04-26,313,926779.36,826902.84,-10.78,16,Medium,IT,System Upgrade,3.34,4.78,7,5,5,85.73,39.52,0,-13.05,2.23
PRJ-1200,2021-11-20,2022-11-15,360,2038876.02,1431540.68,-29.79,19,High,IT,New Product Launch,6.41,7.55,3,1,7,83.48,57.43,0,-9.02,2.25
PRJ-1201,2022-01-22,2022-08-28,218,1146510.5,1036522.39,-9.59,36,Medium,Marketing,Process Improvement,2.13,2.37,2,1,0,82.81,9.88,0,-17.53,1.5
PRJ-1202,2020-12-05,2021-04-02,118,2139851.56,1980631.71,-7.44,18,Low,HR,Process Improvement,6.17,5.86,11,1,8,93.78,46.71,0,-16.13,1.61
PRJ-1203,2022-05-27,2023-03-03,280,4387152.77,5063897.32,15.43,9,High,Operations,New Product Launch,4.76,6.48,4,2,3,83.94,42.71,1,23.02,2.16
PRJ-1204,2021-10-19,2022-02-04,108,4336876.59,4794294.31,10.55,20,Medium,Marketing,Cost Reduction,4.96,5.5,14,2,5,68.74,46.42,0,-18.88,1.42
PRJ-1205,2020-05-05,2021-01-01,241,2490137.01,1617120.36,-35.06,43,Medium,Finance,Process Improvement,7.45,5.27,16,4,4,84.08,48.15,1,19.81,2.29
PRJ-1206,2022-04-27,2022-06-21,55,622013.96,654262.46,5.18,19,Medium,IT,Process Improvement,7.52,3.72,15,5,6,76.09,71.89,0,-13.06,1.51
PRJ-1207,2021-12-04,2022-02-26,84,623324.26,786653.63,26.2,7,Low,IT,Compliance,5.81,3.9,1,3,10,90.39,48.91,0,-13.14,2.18
PRJ-1208,2020-03-14,2020-11-07,238,4840326.98,5841467.73,20.68,14,High,Finance,Compliance,8.84,8.22,15,2,7,93.28,80.0,0,-8.6,1.0
PRJ-1209,2021-10-18,2022-02-21,126,1196415.17,1309328.89,9.44,4,Medium,Operations,Cost Reduction,2.13,3.84,9,1,3,67.69,19.68,0,-10.49,2.81
PRJ-1210,2020-03-13,2020-05-26,74,4456671.28,7066477.72,58.56,49,Low,Marketing,New Product Launch,5.13,4.52,5,1,5,68.3,42.26,0,-10.08,2.62
PRJ-1211,2021-07-20,2021-10-06,78,4173040.09,3600374.39,-13.72,10,Medium,Marketing,New Product Launch,7.79,6.42,16,0,3,98.43,40.07,0,-17.54,3.37
PRJ-1212,2022-03-21,2023-03-19,363,608573.78,590220.45,-3.02,47,Medium,Finance,Compliance,10.0,3.31,4,4,5,82.44,77.54,0,-9.42,1.38
PRJ-1213,2020-03-18,2021-01-09,297,2889138.24,3916533.91,35.56,36,Low,HR,New Product Launch,5.05,6.47,13,1,6,90.38,50.95,0,-22.25,1.76
PRJ-1214,2022-10-29,2023-09-16,322,3194850.57,2983576.18,-6.61,23,Medium,Operations,System Upgrade,3.78,6.36,6,6,1,90.02,43.89,0,-13.29,2.53
PRJ-1215,2020-08-01,2020-12-14,135,4496858.61,5882470.67,30.81,20,High,Finance,New Product Launch,5.71,5.38,17,1,2,79.55,31.86,0,-11.8,1.93
PRJ-1216,2022-10-28,2023-03-18,141,3883376.5,4187484.32,7.83,23,Low,Operations,New Product Launch,1.0,4.3,7,2,3,87.95,23.27,0,-15.25,1.74
PRJ-1217,2020-02-26,2020-06-04,99,1221218.42,1589216.92,30.13,26,Medium,Finance,Cost Reduction,8.0,4.74,20,2,4,84.21,52.41,1,9.65,2.16
PRJ-1218,2021-03-10,2022-01-24,320,2909184.75,1977173.46,-32.04,26,Medium,Operations,Process Improvement,6.57,6.78,10,4,6,87.72,51.69,0,-16.0,1.03
PRJ-1219,2022-06-09,2022-10-20,133,556717.07,507226.83,-8.89,14,Medium,Finance,Compliance,5.48,5.8,18,2,6,88.29,57.2,1,12.79,3.02
PRJ-1220,2021-09-30,2022-07-04,277,3365284.53,2448568.31,-27.24,17,Low,HR,Cost Reduction,3.44,6.14,1,4,3,77.95,42.27,1,28.47,2.66
PRJ-1221,2020-12-22,2021-11-16,329,1543956.38,1928196.51,24.89,35,Medium,HR,System Upgrade,5.16,3.28,20,2,7,95.18,47.34,1,29.39,2.76
PRJ-1222,2020-08-08,2021-05-25,290,1966754.55,1679448.13,-14.61,6,Medium,Marketing,New Product Launch,2.82,2.99,2,3,2,67.91,23.19,1,25.95,3.02
PRJ-1223,2022-12-28,2023-04-12,105,1481757.32,1778093.96,20.0,3,High,Operations,Process Improvement,4.09,2.92,16,4,2,91.36,20.98,1,29.51,4.1
PRJ-1224,2022-12-10,2023-02-25,77,2596723.53,2671158.26,2.87,28,Medium,HR,Compliance,7.3,7.68,15,2,7,88.69,69.77,0,-8.78,1.0
PRJ-1225,2022-10-06,2023-03-29,174,4205293.51,3036466.56,-27.79,21,Medium,Finance,New Product Launch,3.1,3.79,4,2,1,89.6,29.12,0,-11.71,2.37
PRJ-1226,2021-11-21,2021-12-30,39,2631677.37,3436246.35,30.57,11,Medium,Finance,Process Improvement,6.31,4.3,8,1,1,72.24,50.39,0,-13.68,1.0
PRJ-1227,2022-06-15,2023-04-02,291,3936689.93,3743100.7,-4.92,29,Medium,Finance,System Upgrade,6.35,5.37,14,2,4,86.11,45.6,0,-15.21,1.3
PRJ-1228,2021-11-14,2022-02-06,84,480486.75,489165.76,1.81,15,Medium,HR,System Upgrade,5.86,7.28,2,6,8,79.09,62.36,0,-14.0,1.29
PRJ-1229,2021-06-12,2022-02-06,239,4266637.33,3928450.61,-7.93,13,Medium,HR,Process Improvement,4.21,2.74,15,0,1,86.77,8.25,0,-4.35,2.34
PRJ-1230,2021-10-02,2022-02-17,138,1218183.2,1206705.73,-0.94,41,High,Operations,Cost Reduction,4.33,1.0,14,0,4,90.91,26.8,1,19.66,3.93
PRJ-1231,2021-05-08,2021-12-24,230,665888.34,489970.22,-26.42,37,Medium,Marketing,Cost Reduction,6.61,10.0,4,3,3,89.13,63.0,0,-9.9,1.52
PRJ-1232,2021-03-25,2021-09-16,175,2251328.25,2494315.77,10.79,6,Medium,Operations,Cost Reduction,5.09,4.29,7,1,4,95.41,38.94,0,-5.0,1.84
PRJ-1233,2022-10-24,2022-11-29,36,493351.82,407490.5,-17.4,26,Medium,IT,System Upgrade,3.51,3.64,5,1,3,70.66,9.42,1,11.13,4.59
PRJ-1234,2021-04-05,2022-02-24,325,4298698.55,4161734.73,-3.19,19,High,Marketing,System Upgrade,7.01,3.89,17,1,6,78.4,65.71,1,31.97,3.13
PRJ-1235,2022-08-27,2023-06-20,297,823992.6,675065.45,-18.07,42,Medium,Finance,Cost Reduction,8.63,1.4,3,2,4,84.53,35.51,0,-13.31,1.42
PRJ-1236,2021-01-29,2021-09-14,228,859591.28,1061778.89,23.52,40,Medium,Finance,Cost Reduction,2.0,6.18,15,4,1,91.8,29.85,0,-10.6,1.46
PRJ-1237,2020-03-22,2020-10-13,205,1140620.6,1228525.57,7.71,18,Low,HR,System Upgrade,5.16,7.11,9,2,5,94.19,49.84,0,-13.42,1.6
PRJ-1238,2020-06-02,2021-02-10,253,2559648.12,3054032.04,19.31,41,Medium,Operations,System Upgrade,5.24,5.64,1,1,3,83.35,47.85,1,16.88,2.32
PRJ-1239,2022-12-02,2023-10-08,310,2223696.77,2452565.8,10.29,5,Medium,Marketing,New Product Launch,4.67,4.77,12,6,9,83.34,44.95,1,32.43,2.34
PRJ-1240,2022-01-16,2022-09-10,237,430997.46,538383.16,24.92,40,Medium,Finance,New Product Launch,6.06,5.62,6,0,6,69.21,38.38,1,22.28,3.19
PRJ-1241,2022-04-18,2022-06-23,66,2959602.32,2813059.1,-4.95,42,Medium,Marketing,Process Improvement,5.14,2.87,16,3,2,92.47,54.32,1,19.59,3.4
PRJ-1242,2022-05-22,2022-12-01,193,674245.2,759615.72,12.66,29,High,Operations,System Upgrade,3.39,5.21,20,1,3,88.87,45.27,0,-7.53,1.95
PRJ-1243,2022-02-01,2022-09-27,238,4791956.78,5243279.38,9.42,47,Medium,HR,Compliance,2.61,5.57,14,2,0,81.59,33.65,1,19.49,2.94
PRJ-1244,2022-06-30,2023-02-21,236,2890949.22,3628364.78,25.51,28,High,IT,Process Improvement,4.08,3.98,3,1,4,66.41,39.89,0,-18.26,2.35
PRJ-1245,2020-10-02,2021-03-12,161,2291772.63,1826216.14,-20.31,38,High,Finance,Process Improvement,5.19,2.25,3,1,1,98.59,31.12,0,-7.26,1.83
PRJ-1246,2020-03-08,2020-10-04,210,4622470.41,4402713.2,-4.75,43,Medium,HR,Process Improvement,7.15,2.46,4,2,3,78.69,52.12,0,-24.22,2.13
PRJ-1247,2020-07-29,2021-04-27,272,4292629.85,3959875.88,-7.75,20,High,IT,Compliance,8.05,2.27,7,1,5,80.21,71.97,1,17.3,2.16
PRJ-1248,2020-06-05,2020-12-21,199,3418775.3,3323243.17,-2.79,46,High,Marketing,Cost Reduction,1.3,6.64,20,3,5,86.58,27.36,1,15.92,3.13
PRJ-1249,2022-06-23,2023-05-04,315,1744016.35,2237687.18,28.31,5,High,IT,Compliance,2.65,8.64,13,1,1,89.04,32.03,1,16.61,3.84
PRJ-1250,2020-02-27,2020-06-04,98,362756.33,393017.97,8.34,27,High,Operations,Cost Reduction,5.08,5.0,6,2,7,101.51,41.37,1,19.14,2.17
PRJ-1251,2022-04-04,2022-06-02,59,4797467.0,4408509.95,-8.11,22,Medium,IT,System Upgrade,6.88,7.49,11,1,1,73.29,80.0,0,-16.73,1.25
PRJ-1252,2021-01-01,2021-09-16,258,4912167.5,4022977.66,-18.1,10,Low,Operations,New Product Launch,4.16,6.28,5,3,3,71.84,48.23,0,-11.67,1.54
PRJ-1253,2021-07-11,2021-12-21,163,4527041.42,4115136.86,-9.1,44,Low,Operations,Cost Reduction,6.27,8.23,8,1,8,71.8,56.36,0,-18.52,1.45
PRJ-1254,2022-12-10,2023-08-22,255,4666380.93,4624577.2,-0.9,44,High,IT,Process Improvement,3.13,6.3,3,1,5,68.69,27.79,0,-8.25,1.65
PRJ-1255,2020-01-29,2020-07-15,168,1233038.52,1181181.27,-4.21,17,High,HR,System Upgrade,2.11,4.03,11,1,2,87.93,24.11,0,-13.56,1.98
PRJ-1256,2022-01-30,2022-12-19,323,623012.23,644496.08,3.45,46,High,Marketing,New Product Launch,5.15,6.91,8,1,6,84.61,28.7,1,24.23,3.64
PRJ-1257,2021-09-08,2021-11-07,60,121146.11,126047.62,4.05,4,Medium,Operations,Compliance,7.01,6.04,5,5,6,77.48,65.13,0,-10.32,1.93
PRJ-1258,2021-11-17,2022-06-19,214,641271.98,752369.24,17.32,7,Medium,HR,Process Improvement,5.35,8.21,8,3,1,82.15,56.08,0,-10.33,1.59
PRJ-1259,2021-05-21,2021-12-24,217,4519196.72,4629149.97,2.43,17,Medium,Operations,Cost Reduction,6.32,2.47,16,2,4,95.29,50.99,0,-11.35,1.79
PRJ-1260,2022-09-29,2022-12-24,86,4753882.16,2785474.88,-41.41,21,Low,Finance,Compliance,6.57,3.81,18,4,5,96.08,49.61,0,-13.69,1.53
PRJ-1261,2022-10-27,2023-02-13,109,1649568.83,1315034.23,-20.28,18,Low,Finance,Compliance,1.0,6.48,17,2,2,81.67,30.25,0,-11.73,1.39
PRJ-1262,2022-02-07,2022-05-02,84,4729269.85,5114946.41,8.16,47,Medium,HR,New Product Launch,6.58,4.29,7,2,3,89.15,56.56,0,-13.45,2.17
PRJ-1263,2022-07-04,2023-06-18,349,3656753.26,4777281.73,30.64,24,Low,Marketing,Process Improvement,6.18,6.24,4,1,5,100.1,64.75,0,-30.18,2.78
PRJ-1264,2021-03-14,2021-08-26,165,521482.22,539632.82,3.48,11,High,IT,Process Improvement,4.26,5.22,12,1,6,91.17,44.43,0,-9.05,2.17
PRJ-1265,2022-08-25,2023-02-19,178,3147913.92,2435035.69,-22.65,19,High,HR,New Product Launch,5.09,7.51,14,1,3,78.19,59.67,0,-10.28,1.31
PRJ-1266,2022-12-06,2023-10-21,319,60811.51,52231.17,-14.11,20,High,Operations,Cost Reduction,5.74,4.15,8,4,4,90.0,38.5,0,-10.17,2.17
PRJ-1267,2020-11-23,2021-10-04,315,1864428.38,2182794.63,17.08,49,Medium,Operations,System Upgrade,2.65,1.53,7,1,1,98.32,1.25,0,-19.63,2.98
PRJ-1268,2021-01-14,2021-05-06,112,3271085.7,4523082.52,38.27,20,High,Finance,System Upgrade,5.61,4.16,20,0,4,80.54,36.21,1,27.54,4.44
PRJ-1269,2022-02-08,2022-06-22,134,301724.45,156385.2,-48.17,8,Medium,Operations,New Product Launch,4.42,3.81,2,1,4,81.14,39.87,1,31.78,3.49
PRJ-1270,2021-05-24,2022-04-07,318,2865623.05,2896744.55,1.09,44,Medium,Finance,Compliance,7.12,2.73,3,5,2,83.48,43.16,0,-13.1,2.18
PRJ-1271,2020-11-03,2021-05-12,190,3655691.31,4068963.51,11.3,31,Medium,Marketing,Cost Reduction,5.57,4.71,13,2,4,76.23,21.94,0,-7.99,3.92
PRJ-1272,2021-01-19,2021-12-26,341,990176.98,684084.92,-30.91,37,High,Marketing,Process Improvement,4.34,7.69,11,5,2,97.93,58.92,0,-13.47,1.0
PRJ-1273,2021-10-18,2022-04-17,181,2730904.77,2507820.89,-8.17,33,Low,Marketing,New Product Launch,9.55,2.53,15,1,6,92.31,62.75,1,22.71,3.3
PRJ-1274,2020-02-16,2020-06-23,128,2325093.02,2867568.93,23.33,47,High,Finance,Compliance,9.11,6.48,8,4,8,79.79,69.77,0,-8.27,1.67
PRJ-1275,2021-08-07,2021-11-23,108,1589484.67,1545124.44,-2.79,14,Medium,HR,System Upgrade,6.48,6.73,15,3,5,100.88,65.09,1,26.67,3.12
PRJ-1276,2022-03-01,2022-08-10,162,617972.69,659310.96,6.69,48,Medium,Operations,System Upgrade,2.86,3.03,20,0,4,93.51,35.43,0,-11.62,2.6
PRJ-1277,2021-12-01,2022-05-14,164,2058286.4,2047149.79,-0.54,40,Medium,Finance,Compliance,6.41,5.7,10,3,7,91.57,68.81,0,-11.57,1.79
PRJ-1278,2021-05-13,2021-12-09,210,2058769.86,2138010.29,3.85,45,Medium,Operations,New Product Launch,1.49,8.35,12,0,3,79.11,30.43,0,-9.79,2.44
PRJ-1279,2020-01-11,2020-11-15,309,228030.49,259421.34,13.77,37,Medium,Operations,System Upgrade,6.18,6.33,13,2,8,78.08,47.3,1,25.51,3.58
PRJ-1280,2021-12-15,2022-11-06,326,4634655.28,5606134.53,20.96,31,Medium,IT,New Product Launch,2.65,5.27,4,3,1,82.24,36.42,0,0.28,2.11
PRJ-1281,2021-04-10,2021-06-30,81,178185.55,113160.65,-36.49,33,High,HR,Compliance,3.99,4.7,4,2,2,98.69,28.07,0,-19.07,1.31
PRJ-1282,2020-09-26,2021-04-04,190,888640.89,970312.18,9.19,48,Low,Finance,Compliance,5.12,4.6,8,4,3,88.68,52.96,0,-15.57,2.06
PRJ-1283,2022-09-21,2023-01-22,123,1397961.22,1373666.01,-1.74,16,High,Marketing,Cost Reduction,4.76,6.81,20,1,6,79.04,47.65,0,-1.01,2.14
PRJ-1284,2022-05-07,2022-08-23,108,1044342.04,1147156.89,9.84,8,Medium,Operations,System Upgrade,1.16,10.0,14,2,3,74.27,42.87,1,28.14,3.23
PRJ-1285,2021-11-30,2022-09-21,295,3404523.63,4145232.58,21.76,17,High,HR,Cost Reduction,4.95,7.91,3,0,5,82.2,34.85,0,-2.97,1.52
PRJ-1286,2021-08-28,2022-08-19,356,718143.51,841950.39,17.24,3,Medium,Operations,New Product Launch,1.55,4.11,4,2,0,97.2,35.01,0,-13.17,1.43
PRJ-1287,2021-12-06,2022-01-30,55,2661519.13,3180055.75,19.48,48,Medium,Operations,System Upgrade,5.7,6.05,3,2,3,78.59,57.25,0,-16.19,2.33
PRJ-1288,2021-09-25,2021-12-19,85,1943298.08,2464548.57,26.82,3,Medium,IT,Process Improvement,4.42,5.16,4,1,3,92.59,29.45,0,-11.84,3.01
PRJ-1289,2022-08-14,2023-08-06,357,2770938.84,3112678.62,12.33,4,Medium,Operations,System Upgrade,4.64,7.74,18,0,4,83.55,56.14,0,-11.42,2.21
PRJ-1290,2021-01-28,2021-07-01,154,4973093.07,4706776.53,-5.36,17,Medium,Operations,Compliance,5.44,5.1,7,2,3,74.85,62.64,0,-11.65,2.66
PRJ-1291,2022-01-26,2022-08-07,193,4412422.85,6078247.06,37.75,28,High,IT,System Upgrade,5.2,1.31,4,1,3,82.25,9.9,0,-9.96,2.25
PRJ-1292,2021-06-29,2021-11-10,134,4035212.22,4372209.01,8.35,12,High,IT,Cost Reduction,7.32,3.34,1,2,3,68.95,69.23,0,-6.92,1.7
PRJ-1293,2021-06-03,2021-07-12,39,1701835.83,1965348.16,15.48,7,Low,IT,Compliance,7.1,6.14,2,0,10,91.6,43.2,0,-15.17,2.15
PRJ-1294,2020-05-26,2020-10-16,143,1864856.62,1555954.99,-16.56,22,Medium,IT,Process Improvement,5.75,8.43,18,0,4,101.09,47.08,0,-17.25,2.11
PRJ-1295,2021-04-21,2022-01-16,270,3158395.74,3410651.7,7.99,32,Medium,HR,Cost Reduction,2.44,3.79,19,2,2,80.32,20.68,1,13.92,4.2
PRJ-1296,2020-10-23,2021-10-02,344,2417504.15,2509310.95,3.8,30,Medium,IT,Process Improvement,2.33,5.13,10,0,3,77.05,28.47,0,-6.96,2.38
PRJ-1297,2020-07-04,2020-09-02,60,1634294.84,2249091.44,37.62,32,High,Marketing,System Upgrade,9.01,4.59,8,0,3,89.19,62.4,0,-7.08,1.72
PRJ-1298,2022-12-12,2023-10-28,320,1494742.53,1445363.62,-3.3,29,Medium,Operations,New Product Launch,2.75,3.14,12,2,4,85.72,34.06,1,23.32,3.01
PRJ-1299,2020-09-01,2020-10-28,57,1944509.5,2012795.29,3.51,24,High,HR,Process Improvement,6.58,1.69,14,1,3,83.3,56.35,0,-9.65,1.0
PRJ-1300,2022-08-15,2022-11-15,92,4782101.29,2740807.04,-42.69,14,Medium,Finance,Compliance,6.49,2.25,14,3,4,94.67,41.19,1,8.13,3.13
PRJ-1301,2021-07-11,2021-09-11,62,1662225.95,2430367.54,46.21,25,High,Operations,New Product Launch,3.99,7.35,13,2,5,80.8,47.11,0,-7.1,2.17
PRJ-1302,2020-04-20,2021-02-14,300,51192.97,46115.22,-9.92,5,High,IT,Cost Reduction,3.68,8.1,16,1,8,92.9,44.39,1,28.1,3.54
PRJ-1303,2021-02-05,2021-07-24,169,4984198.18,3610666.86,-27.56,39,Low,Marketing,Cost Reduction,4.17,6.29,11,1,3,84.36,27.2,0,-10.28,2.38
PRJ-1304,2021-03-09,2021-08-03,147,4444797.72,6599377.98,48.47,28,Low,Finance,Compliance,1.51,9.04,14,2,4,87.31,45.1,0,-21.09,2.0
PRJ-1305,2021-12-19,2022-04-30,132,2327317.38,2920259.51,25.48,4,Medium,Operations,Cost Reduction,7.37,8.08,15,0,5,94.11,56.26,0,-16.49,1.0
PRJ-1306,2020-09-09,2020-10-18,39,2108772.59,2390825.12,13.38,45,Low,Marketing,Cost Reduction,5.44,5.15,12,1,6,71.16,36.9,0,-12.63,2.12
PRJ-1307,2022-04-17,2022-08-14,119,2659379.11,2884788.7,8.48,25,Medium,Operations,Process Improvement,8.43,4.8,13,2,7,105.85,50.49,1,25.59,3.26
PRJ-1308,2021-01-16,2021-06-01,136,2335942.08,2808038.84,20.21,36,Low,HR,Process Improvement,1.51,1.0,6,4,1,84.8,12.65,0,-2.46,2.27
PRJ-1309,2022-02-08,2023-01-26,352,1930625.24,1261067.45,-34.68,8,Low,Finance,Cost Reduction,7.36,9.14,18,1,8,79.23,58.84,0,-7.13,1.47
PRJ-1310,2020-10-22,2020-12-13,52,4278577.4,4260234.86,-0.43,7,Medium,HR,System Upgrade,5.39,5.57,15,2,6,86.4,47.39,0,-15.46,1.68
PRJ-1311,2021-03-17,2022-01-10,299,3780718.55,2392595.65,-36.72,4,Low,Finance,System Upgrade,5.17,2.93,5,0,6,82.15,41.07,0,-14.58,3.04
PRJ-1312,2021-01-19,2021-04-28,99,3366269.78,3319074.36,-1.4,49,Low,HR,Cost Reduction,1.0,3.38,13,3,0,103.9,8.69,1,24.66,3.78
PRJ-1313,2020-09-24,2020-12-27,94,3625748.86,3766620.85,3.89,8,Low,Operations,Compliance,4.96,3.05,10,2,2,68.44,32.84,1,23.85,3.77
PRJ-1314,2020-02-15,2020-09-09,207,2237152.72,2010712.18,-10.12,22,Medium,Finance,Compliance,6.73,5.21,1,2,6,81.81,54.98,0,-16.67,2.35
PRJ-1315,2021-01-17,2021-06-14,148,2152901.24,2275841.56,5.71,13,Medium,Operations,Cost Reduction,4.34,1.6,11,3,2,75.39,37.82,1,11.25,3.53
PRJ-1316,2021-11-10,2022-10-27,351,1897376.48,3017977.48,59.06,18,Low,Marketing,Process Improvement,4.54,5.58,12,1,2,91.73,28.29,0,-19.66,3.1
PRJ-1317,2021-08-21,2021-11-19,90,2919843.96,3071761.42,5.2,13,Medium,Marketing,Cost Reduction,6.13,4.38,11,1,3,82.64,44.59,0,-10.27,2.34
PRJ-1318,2022-04-28,2022-07-16,79,3468545.8,2320682.81,-33.09,7,High,Operations,Cost Reduction,7.89,5.81,3,2,6,111.21,51.98,1,23.68,2.51
PRJ-1319,2021-08-13,2022-05-29,289,548068.89,305605.44,-44.24,5,Medium,Marketing,Cost Reduction,3.05,6.4,12,3,2,100.95,37.33,0,-13.89,2.18
PRJ-1320,2020-07-31,2021-06-02,306,4468426.07,6442764.71,44.18,13,Low,Marketing,Compliance,4.08,2.04,19,3,6,101.72,19.97,0,-19.57,2.7
PRJ-1321,2021-08-11,2021-11-22,103,2261360.65,2576753.83,13.95,36,Low,Finance,New Product Launch,4.21,5.42,13,2,4,92.98,22.61,1,22.31,3.79
PRJ-1322,2022-07-18,2022-12-26,161,4859005.97,5955796.74,22.57,28,Low,Operations,New Product Launch,3.66,2.74,1,3,1,93.31,26.84,0,-13.81,2.08
PRJ-1323,2020-04-15,2020-09-28,166,2823725.94,2662162.62,-5.72,26,Medium,Operations,New Product Launch,3.08,6.89,9,2,1,97.4,40.11,1,15.63,3.78
PRJ-1324,2021-04-17,2021-05-25,38,4380741.31,4218608.56,-3.7,43,Medium,Operations,Process Improvement,7.88,3.57,20,4,7,93.1,61.48,0,-20.4,1.71
PRJ-1325,2021-06-28,2022-04-23,299,3744253.37,2318643.45,-38.07,6,High,Finance,System Upgrade,8.31,6.25,16,3,9,86.11,67.66,0,-5.23,1.0
PRJ-1326,2022-06-03,2022-12-27,207,1597091.08,1816126.47,13.71,49,Medium,Operations,New Product Launch,6.12,2.77,11,3,2,78.69,50.62,0,-21.63,2.35
PRJ-1327,2022-08-03,2023-03-30,239,607733.96,502641.51,-17.29,29,Low,HR,Cost Reduction,9.98,4.45,2,4,5,91.82,63.63,0,-17.51,1.0
PRJ-1328,2022-01-26,2022-08-21,207,4457824.39,5845580.42,31.13,3,Low,Operations,Compliance,5.58,6.66,13,1,6,94.69,57.48,0,-14.26,1.49
PRJ-1329,2021-03-02,2021-10-17,229,4932324.46,4232117.86,-14.2,38,High,IT,Process Improvement,8.08,5.96,5,0,5,92.62,66.53,0,-3.47,1.42
PRJ-1330,2020-09-15,2021-03-10,176,2985274.5,3244975.81,8.7,47,Medium,Finance,Process Improvement,5.91,2.86,20,1,1,98.02,49.9,0,-5.22,1.73
PRJ-1331,2022-12-12,2023-01-19,38,1667110.66,1745477.78,4.7,48,Medium,Operations,New Product Launch,3.47,4.81,5,1,2,72.86,30.29,0,-6.63,2.35
PRJ-1332,2021-08-09,2022-03-09,212,3552300.42,4709225.54,32.57,24,Medium,IT,Cost Reduction,4.66,6.41,19,1,4,87.28,32.83,1,19.3,2.97
PRJ-1333,2021-04-20,2021-10-03,166,2621018.54,2989667.16,14.07,44,High,Finance,New Product Launch,3.31,6.77,18,2,2,96.72,55.82,0,-16.88,1.56
PRJ-1334,2021-03-13,2022-02-23,347,3558389.88,3165401.72,-11.04,37,High,IT,System Upgrade,2.71,5.06,13,3,2,85.22,34.71,0,-3.99,2.33
PRJ-1335,2022-03-06,2022-11-17,256,4687424.48,5068755.39,8.14,46,Medium,Operations,Process Improvement,3.81,3.39,5,2,3,70.18,29.47,0,-12.62,2.65
PRJ-1336,2022-05-23,2023-02-02,255,2805824.92,2800155.78,-0.2,6,High,Operations,Compliance,2.4,2.31,6,2,3,81.04,30.8,0,-17.9,1.96
PRJ-1337,2021-01-25,2021-07-17,173,4568297.56,5321994.03,16.5,43,Medium,Marketing,Process Improvement,7.17,2.85,15,2,6,66.2,62.77,0,-20.2,1.0
PRJ-1338,2021-09-17,2022-02-28,164,4204079.37,4488473.36,6.76,48,High,HR,Cost Reduction,6.95,4.92,4,2,5,82.02,53.22,0,-11.95,1.56
PRJ-1339,2021-05-16,2021-12-04,202,2440908.68,2472107.9,1.28,41,Medium,Marketing,Cost Reduction,4.83,8.76,15,2,4,93.96,48.43,0,-13.43,2.36
PRJ-1340,2021-10-08,2021-11-21,44,61620.0,74457.34,20.83,25,Low,Marketing,Process Improvement,2.76,9.36,6,2,4,80.87,39.84,1,28.06,2.36
PRJ-1341,2021-03-14,2021-09-20,190,610022.89,763334.64,25.13,15,Medium,Finance,Cost Reduction,1.39,7.19,16,0,3,72.73,41.53,0,-15.38,1.92
PRJ-1342,2020-07-26,2021-05-06,284,3363274.34,3343963.14,-0.57,9,High,IT,Cost Reduction,5.53,1.9,7,2,1,90.61,46.46,1,25.19,2.47
PRJ-1343,2020-10-23,2021-10-16,358,3671941.1,3897208.58,6.13,17,Low,HR,Process Improvement,5.93,7.45,3,2,8,81.53,50.12,0,-6.86,1.75
PRJ-1344,2020-08-08,2021-02-11,187,4955729.72,4996920.19,0.83,22,High,Finance,Compliance,3.26,6.72,2,3,8,74.2,28.2,0,-17.79,2.21
PRJ-1345,2021-04-10,2022-03-31,355,1922123.58,1423362.45,-25.95,31,High,Operations,System Upgrade,3.54,6.76,6,3,2,88.0,38.19,0,-17.1,1.85
PRJ-1346,2020-01-01,2020-02-11,41,1823894.55,2095909.46,14.91,24,Medium,Finance,Process Improvement,2.8,9.18,20,3,0,93.22,54.28,0,-13.58,1.81
PRJ-1347,2020-11-14,2021-02-17,95,4174692.85,3815377.18,-8.61,24,Low,Operations,New Product Launch,8.36,5.8,10,2,3,88.96,64.64,1,21.27,3.26
PRJ-1348,2021-02-13,2021-12-01,291,2684906.6,2681468.55,-0.13,3,High,HR,System Upgrade,2.33,6.48,12,1,4,78.93,33.04,1,41.2,2.95
PRJ-1349,2020-03-06,2020-04-23,48,3668959.77,5120071.54,39.55,21,Medium,Finance,New Product Launch,5.23,2.43,18,3,2,111.85,47.53,0,-2.55,1.69
PRJ-1350,2020-09-09,2021-08-28,353,4820897.42,3322803.08,-31.08,44,Low,Operations,System Upgrade,5.66,1.48,10,2,3,69.72,49.79,0,-18.07,1.53
PRJ-1351,2022-11-23,2023-11-17,359,1955545.68,2252667.08,15.19,45,High,IT,Compliance,6.47,8.63,19,0,4,78.71,76.52,0,-8.02,1.73
PRJ-1352,2022-06-10,2023-05-16,340,4553147.85,4414727.95,-3.04,45,Medium,Finance,Process Improvement,6.44,3.47,7,1,1,80.39,48.72,0,-15.87,2.55
PRJ-1353,2020-03-20,2020-11-09,234,376166.22,340698.97,-9.43,8,Medium,Finance,Process Improvement,4.56,3.17,14,5,4,88.09,43.92,1,15.42,2.49
PRJ-1354,2021-06-20,2022-03-03,256,1829738.57,2008233.65,9.76,8,Medium,HR,System Upgrade,3.01,1.0,5,0,0,88.06,30.51,0,-12.18,3.09
PRJ-1355,2022-06-08,2023-04-24,320,3132569.32,2558773.61,-18.32,35,Medium,Marketing,New Product Launch,4.54,4.61,8,1,2,72.77,52.78,0,-15.84,2.49
PRJ-1356,2021-12-14,2022-02-10,58,4434224.47,3758523.76,-15.24,33,Low,IT,System Upgrade,5.9,5.62,2,3,3,74.74,52.55,1,19.59,3.14
PRJ-1357,2020-05-16,2020-11-29,197,2592834.13,2961038.53,14.2,24,Medium,IT,Compliance,3.94,4.02,19,8,1,79.69,37.23,1,20.38,3.0
PRJ-1358,2020-02-09,2020-08-08,181,2349684.68,2789212.04,18.71,16,Medium,Marketing,New Product Launch,7.8,5.37,4,5,5,74.64,80.0,0,-12.99,1.0
PRJ-1359,2022-04-17,2023-02-08,297,1772733.47,2271228.48,28.12,43,Low,Finance,Cost Reduction,3.7,5.09,16,1,5,82.84,23.97,0,-10.05,3.2
PRJ-1360,2021-10-12,2021-12-22,71,1172843.66,817381.11,-30.31,20,High,Marketing,Compliance,8.48,6.72,12,4,7,67.67,57.12,1,16.66,3.09
PRJ-1361,2022-01-12,2022-02-24,43,4170868.57,4003977.49,-4.0,8,Low,Finance,Compliance,1.0,5.39,1,6,2,107.53,28.52,1,22.25,2.83
PRJ-1362,2021-08-11,2021-09-14,34,1577731.61,1569523.92,-0.52,13,Medium,Finance,Process Improvement,4.32,1.0,13,1,2,84.05,32.58,0,-16.42,2.56
PRJ-1363,2020-06-24,2020-12-06,165,631505.7,891727.42,41.21,18,High,Operations,System Upgrade,6.08,4.4,17,3,9,93.64,22.52,0,-9.68,1.38
PRJ-1364,2022-08-12,2023-04-30,261,3539310.11,3886783.12,9.82,41,Medium,Finance,New Product Launch,3.67,5.29,15,1,2,84.15,37.1,1,28.84,2.87
PRJ-1365,2021-11-03,2022-09-05,306,892206.56,716644.7,-19.68,43,Medium,IT,Process Improvement,5.31,7.14,16,2,0,92.75,53.79,0,-13.4,1.18
PRJ-1366,2022-11-28,2023-06-15,199,1630618.56,1685854.52,3.39,7,Medium,Marketing,Cost Reduction,6.6,4.92,5,2,5,72.46,66.1,0,-11.79,2.0
PRJ-1367,2021-04-30,2021-12-12,226,4031092.71,4167289.55,3.38,45,Low,HR,System Upgrade,1.59,6.96,16,2,2,74.55,50.68,0,-16.98,1.88
PRJ-1368,2020-04-02,2020-05-28,56,3337556.19,3818237.18,14.4,45,High,Operations,New Product Launch,4.84,4.09,4,2,3,82.77,30.92,0,-4.99,2.63
PRJ-1369,2021-09-03,2022-08-27,358,1146559.4,1028160.51,-10.33,19,High,IT,Cost Reduction,7.14,4.83,9,2,4,72.58,37.19,0,-6.58,2.05
PRJ-1370,2020-11-15,2021-11-07,357,3171649.14,3315234.79,4.53,12,Medium,Finance,Compliance,3.34,4.57,1,5,3,94.93,44.78,0,-10.36,1.02
PRJ-1371,2021-02-20,2021-11-10,263,2735611.92,1517787.63,-44.52,47,Medium,Finance,New Product Launch,6.78,3.79,3,4,6,102.39,42.64,1,12.09,3.23
PRJ-1372,2020-09-09,2021-07-16,310,2420904.28,2431924.2,0.46,12,Medium,Operations,New Product Launch,6.72,4.65,6,0,4,95.02,46.6,0,-11.94,3.55
PRJ-1373,2020-02-24,2020-05-30,96,1661241.52,2010901.96,21.05,12,Medium,HR,System Upgrade,2.82,5.58,19,1,3,67.78,40.84,0,-15.87,1.8
PRJ-1374,2020-12-18,2021-11-08,325,1355840.07,1426868.95,5.24,19,Low,Marketing,New Product Launch,4.38,3.81,8,4,2,83.31,41.56,0,-8.3,1.46
PRJ-1375,2021-07-13,2022-04-18,279,2161629.91,2658161.36,22.97,44,Medium,Operations,System Upgrade,7.31,7.1,12,3,4,81.99,47.6,0,-10.42,1.85
PRJ-1376,2022-11-02,2022-12-09,37,2974230.92,2244793.33,-24.53,17,Medium,IT,Process Improvement,8.61,5.05,20,5,8,78.27,62.05,0,-10.67,1.39
PRJ-1377,2021-04-23,2021-07-08,76,1353068.57,965390.91,-28.65,24,High,IT,System Upgrade,6.19,4.77,16,3,5,102.51,50.91,1,18.88,3.03
PRJ-1378,2020-08-11,2021-05-17,279,1814113.07,563600.7,-68.93,31,Low,IT,New Product Launch,5.15,4.91,6,4,2,100.96,44.19,1,10.61,3.57
PRJ-1379,2020-08-27,2020-10-02,36,1744214.68,2166421.09,24.21,31,High,HR,Process Improvement,2.08,6.87,8,1,4,86.8,27.96,0,-6.25,2.9
PRJ-1380,2021-01-07,2022-01-04,362,4001451.33,3706434.32,-7.37,15,Medium,Finance,Compliance,7.37,4.14,2,0,6,90.89,38.63,0,-11.2,3.18
PRJ-1381,2022-01-31,2022-11-07,280,4186045.75,5369909.85,28.28,48,Medium,Marketing,Cost Reduction,3.56,8.42,3,4,3,89.09,46.81,1,-0.4,3.2
PRJ-1382,2022-04-03,2022-08-18,137,964333.85,785985.79,-18.49,34,Medium,Operations,Compliance,4.25,6.57,9,0,4,68.92,40.64,0,-18.75,1.84
PRJ-1383,2021-03-15,2022-01-20,311,4368690.93,4879138.01,11.68,44,Medium,Finance,New Product Launch,7.99,6.32,12,1,6,84.44,63.42,0,-12.98,1.14
PRJ-1384,2020-02-09,2020-11-18,283,361318.48,305146.77,-15.55,46,Medium,Marketing,Cost Reduction,7.87,1.0,3,2,5,77.17,51.5,1,24.14,3.0
PRJ-1385,2022-09-28,2023-04-23,207,4273206.24,4122680.72,-3.52,17,Medium,Marketing,System Upgrade,1.0,7.2,17,3,1,81.16,30.53,1,16.2,3.6
PRJ-1386,2020-06-21,2020-12-02,164,3786619.02,4953431.98,30.81,13,High,Finance,Compliance,7.79,1.88,14,3,6,98.81,60.64,0,-16.53,1.9
PRJ-1387,2021-06-29,2022-02-20,236,2817970.11,2345434.83,-16.77,22,Low,Finance,New Product Launch,9.08,3.93,1,1,2,72.42,67.97,1,10.21,2.67
PRJ-1388,2022-01-07,2022-04-03,86,2843290.27,1922119.56,-32.4,28,Medium,Marketing,New Product Launch,3.17,5.74,20,2,4,69.39,18.91,1,13.25,2.26
PRJ-1389,2020-02-03,2020-03-29,55,4641428.68,5523502.39,19.0,45,Low,Operations,New Product Launch,4.85,4.63,15,3,6,85.34,27.34,0,-16.4,2.92
PRJ-1390,2021-10-25,2022-10-09,349,3716860.34,4413078.65,18.73,35,Medium,HR,New Product Launch,6.48,3.79,13,2,3,73.99,35.9,0,-4.07,2.14
PRJ-1391,2022-12-16,2023-05-10,145,476933.4,681718.03,42.94,25,High,Finance,Process Improvement,8.11,5.23,6,3,6,64.35,80.0,0,-4.69,1.0
PRJ-1392,2020-09-09,2021-02-21,165,2365853.46,2837815.18,19.95,3,Low,HR,Process Improvement,5.6,5.63,16,3,6,90.67,74.55,0,-12.72,1.22
PRJ-1393,2022-06-17,2022-12-15,181,2128358.34,2474764.78,16.28,43,High,HR,Process Improvement,3.8,6.09,2,0,2,86.61,43.87,0,-9.51,2.03
PRJ-1394,2020-07-24,2021-05-24,304,1874384.22,1871740.44,-0.14,3,Medium,Marketing,System Upgrade,5.56,4.21,14,1,2,78.76,49.38,0,-12.21,1.0
PRJ-1395,2021-10-27,2022-03-23,147,3396901.85,2567292.54,-24.42,36,Medium,HR,New Product Launch,5.46,4.96,13,0,3,92.19,60.37,1,30.93,2.39
PRJ-1396,2021-05-15,2021-10-22,160,851737.56,968749.55,13.74,37,High,Marketing,Process Improvement,5.41,6.67,9,1,6,86.69,25.68,0,-11.24,2.43
PRJ-1397,2021-01-30,2021-03-11,40,1317637.71,579240.99,-56.04,27,Medium,Marketing,New Product Launch,2.89,4.87,16,0,3,82.7,18.99,1,14.34,4.44
PRJ-1398,2020-06-07,2020-11-29,175,2471522.76,1908696.72,-22.77,27,Medium,IT,Process Improvement,4.54,4.32,15,2,3,96.6,44.21,0,-30.41,1.39
PRJ-1399,2022-12-09,2023-11-23,349,1583338.31,1354609.81,-14.45,7,High,Marketing,Compliance,3.45,6.45,14,2,1,83.49,32.89,0,-16.71,2.26
PRJ-1400,2021-02-16,2021-04-22,65,3074185.3,3004159.18,-2.28,38,Medium,Marketing,System Upgrade,7.43,9.94,16,5,7,74.03,72.46,0,-17.66,1.0
PRJ-1401,2022-07-08,2023-02-02,209,544662.79,726520.87,33.39,19,High,Operations,Compliance,4.7,5.94,20,2,4,95.6,39.76,1,27.23,3.97
PRJ-1402,2022-06-19,2023-01-19,214,3624382.36,4047649.97,11.68,8,High,IT,Cost Reduction,2.59,8.96,9,1,6,80.56,39.34,0,-12.81,1.96
PRJ-1403,2022-01-31,2022-11-20,293,3449500.59,3838837.91,11.29,29,Medium,Finance,Compliance,5.24,3.01,19,3,3,84.62,56.56,0,-5.96,1.68
PRJ-1404,2020-02-18,2021-01-31,348,932395.82,884900.57,-5.09,9,Medium,Operations,Compliance,5.26,4.55,10,1,4,89.0,44.26,0,-6.84,1.42
PRJ-1405,2021-12-03,2022-09-17,288,1539549.41,1496224.76,-2.81,12,High,HR,New Product Launch,4.48,4.76,6,0,2,91.32,33.56,1,27.29,3.73
PRJ-1406,2021-04-26,2022-04-17,356,2935842.47,3415081.73,16.32,23,Medium,HR,System Upgrade,4.75,3.64,5,2,2,85.91,29.58,0,-13.2,1.9
PRJ-1407,2020-10-29,2020-12-10,42,3026518.28,2361897.42,-21.96,34,Medium,IT,New Product Launch,3.07,7.36,20,3,2,79.59,52.44,0,-11.75,1.36
PRJ-1408,2022-05-07,2022-10-15,161,4075251.63,4300671.7,5.53,25,Low,Operations,Cost Reduction,6.79,7.29,16,4,3,75.69,72.07,1,21.47,2.37
PRJ-1409,2021-08-03,2022-04-28,268,888192.69,528019.44,-40.55,30,Medium,Operations,Cost Reduction,3.97,9.25,7,1,7,78.44,50.9,1,24.51,2.69
PRJ-1410,2021-06-05,2021-09-26,113,3229429.33,2811905.02,-12.93,44,High,IT,System Upgrade,3.58,6.06,13,1,4,84.89,35.37,1,32.34,2.77
PRJ-1411,2020-07-06,2021-03-12,249,581437.54,653735.72,12.43,25,Medium,IT,Process Improvement,2.41,1.0,12,1,5,104.29,17.5,0,-11.03,3.51
PRJ-1412,2022-03-11,2022-12-01,265,2224092.03,2318764.37,4.26,17,High,HR,Compliance,7.45,3.26,2,2,3,82.86,49.91,0,-4.69,1.67
PRJ-1413,2020-01-27,2020-04-25,89,2062510.65,1695711.62,-17.78,24,Medium,Operations,Compliance,6.41,7.36,2,0,6,82.43,53.61,1,31.88,3.46
PRJ-1414,2021-07-17,2021-10-05,80,1066572.51,1309806.62,22.81,26,Medium,Operations,Compliance,7.11,2.69,1,3,6,63.12,46.43,0,-13.6,1.21
PRJ-1415,2021-04-02,2021-06-15,74,1034638.23,1300500.9,25.7,5,Medium,IT,New Product Launch,5.37,6.5,8,0,4,95.97,53.04,0,-19.1,2.14
PRJ-1416,2021-05-08,2021-08-21,105,2418989.48,2770644.06,14.54,49,Low,HR,Process Improvement,5.45,7.2,9,1,3,89.92,57.98,1,14.67,2.5
PRJ-1417,2020-01-21,2020-11-27,311,2153726.44,2926673.92,35.89,4,Medium,Marketing,Cost Reduction,1.0,5.18,13,0,3,75.03,9.95,0,-27.64,2.21
PRJ-1418,2020-01-03,2020-09-01,242,4506162.54,3817007.28,-15.29,3,Medium,Operations,Cost Reduction,5.12,6.14,20,3,0,91.29,29.52,1,11.91,3.1
PRJ-1419,2021-11-28,2022-04-10,133,2429534.58,2855174.69,17.52,39,Medium,IT,System Upgrade,5.39,3.7,12,4,4,89.1,40.1,0,-11.71,2.2
PRJ-1420,2020-11-24,2021-07-26,244,1593299.35,1312430.75,-17.63,44,Medium,Finance,System Upgrade,6.77,7.66,13,4,4,73.23,70.27,0,-15.66,1.82
PRJ-1421,2021-04-24,2022-04-19,360,3816412.79,4657473.41,22.04,22,Low,Operations,New Product Launch,4.66,1.53,17,1,5,69.54,43.11,0,-12.14,2.12
PRJ-1422,2022-11-16,2023-03-30,134,213608.36,244436.41,14.43,34,High,IT,New Product Launch,7.93,5.21,6,3,6,67.69,67.08,0,-17.07,1.26
PRJ-1423,2021-10-01,2022-06-11,253,4787680.13,5089757.53,6.31,25,Medium,Finance,Process Improvement,1.43,5.03,15,3,3,91.94,39.89,0,-12.73,1.45
PRJ-1424,2020-06-22,2020-09-10,80,1505496.56,1389032.83,-7.74,3,Medium,HR,Compliance,5.7,8.43,14,2,8,87.0,44.36,1,12.75,3.18
PRJ-1425,2022-07-22,2022-11-11,112,1088830.15,743952.83,-31.67,4,Medium,IT,Cost Reduction,4.95,1.56,11,3,2,92.21,38.6,0,-19.26,1.48
PRJ-1426,2022-02-24,2023-02-22,363,4018649.71,4847955.32,20.64,15,Medium,Operations,New Product Launch,6.32,6.93,9,0,2,96.66,60.57,0,-17.5,1.29
PRJ-1427,2021-06-17,2021-10-02,107,4741792.65,7059204.04,48.87,17,Low,HR,System Upgrade,1.64,4.0,17,3,5,78.49,22.93,0,-12.07,2.43
PRJ-1428,2020-09-25,2021-08-08,317,1482294.43,1315838.24,-11.23,36,Medium,HR,Compliance,2.63,1.0,15,4,2,90.45,30.87,0,-5.11,2.65
PRJ-1429,2022-07-30,2023-07-11,346,722636.44,646631.21,-10.52,13,High,Operations,Process Improvement,7.45,5.5,15,0,7,90.85,51.06,1,10.36,3.49
PRJ-1430,2022-08-17,2023-05-29,285,4088313.21,2710200.1,-33.71,44,Low,Finance,Compliance,3.9,6.82,17,4,3,84.67,59.09,0,-15.49,1.8
PRJ-1431,2022-11-11,2023-02-23,104,3658717.03,4414724.96,20.66,10,Medium,Finance,Compliance,3.97,4.98,11,2,5,90.88,22.42,0,-18.83,1.47
PRJ-1432,2022-03-04,2022-12-16,287,1756695.3,1732748.55,-1.36,32,High,Operations,Compliance,6.2,5.12,17,1,4,96.09,46.61,1,29.23,2.06
PRJ-1433,2021-09-29,2022-02-14,138,3887194.31,5962005.87,53.38,36,Low,HR,Compliance,5.15,6.7,18,0,4,85.23,62.42,1,23.92,3.44
PRJ-1434,2022-01-09,2022-09-26,260,3183493.08,2343660.86,-26.38,4,Medium,HR,New Product Launch,6.02,7.7,15,3,2,105.99,45.85,0,-8.55,1.0
PRJ-1435,2021-04-28,2021-07-15,78,882298.38,827316.96,-6.23,25,Medium,Finance,New Product Launch,5.37,5.09,20,1,3,75.87,43.93,1,14.65,2.8
PRJ-1436,2021-05-28,2021-07-23,56,1284410.15,1432055.21,11.5,49,High,Finance,System Upgrade,6.16,4.94,14,0,3,98.3,35.36,0,-13.13,2.55
PRJ-1437,2022-09-12,2023-03-19,188,1475494.11,1829774.33,24.01,10,Medium,Marketing,Process Improvement,4.66,6.43,20,4,3,81.23,64.01,0,-15.21,1.22
PRJ-1438,2021-07-13,2022-06-15,337,2618101.14,2772783.34,5.91,17,Medium,Operations,New Product Launch,4.76,4.95,2,0,5,63.38,13.42,0,-20.7,1.91
PRJ-1439,2020-02-08,2020-10-26,261,2499232.06,2750438.61,10.05,49,High,IT,New Product Launch,4.88,5.14,9,1,3,73.24,49.51,1,23.85,3.34
PRJ-1440,2021-03-28,2021-08-16,141,4811789.39,5885189.06,22.31,49,Medium,Marketing,Cost Reduction,7.67,5.16,17,1,6,82.12,67.46,1,21.0,2.77
PRJ-1441,2021-01-03,2021-09-22,262,3962517.01,3873361.16,-2.25,47,Medium,Finance,Process Improvement,1.37,2.46,5,4,1,85.47,4.46,1,13.34,4.6
PRJ-1442,2020-06-03,2021-01-20,231,4921616.55,5817765.1,18.21,4,Medium,Finance,Compliance,4.71,5.75,14,1,5,82.47,18.83,0,-16.92,1.94
PRJ-1443,2022-05-22,2022-10-31,162,4615042.81,3017465.93,-34.62,28,Medium,IT,Process Improvement,3.85,5.21,1,5,5,93.02,48.21,0,-12.69,1.29
PRJ-1444,2020-08-07,2020-10-03,57,275158.38,277771.12,0.95,8,High,HR,New Product Launch,5.35,5.42,9,3,4,80.81,30.89,0,-0.43,2.2
PRJ-1445,2021-04-06,2021-06-23,78,4780325.83,3732343.87,-21.92,40,Medium,Finance,Cost Reduction,3.74,3.53,1,1,3,76.2,36.41,1,14.29,2.61
PRJ-1446,2020-11-09,2021-05-15,187,2849942.17,3240924.38,13.72,36,Medium,Operations,Compliance,3.48,4.34,8,3,2,89.51,28.32,1,26.85,3.91
PRJ-1447,2022-07-05,2022-11-11,129,1856875.25,1787589.28,-3.73,35,Medium,Finance,Process Improvement,2.38,5.45,12,2,5,81.86,29.68,1,24.38,3.91
PRJ-1448,2022-10-08,2023-01-17,101,4245128.07,3609659.29,-14.97,42,Medium,IT,System Upgrade,1.67,1.0,1,4,2,97.37,21.71,1,27.94,3.27
PRJ-1449,2022-11-25,2023-08-09,257,2791509.45,2698672.7,-3.33,30,Medium,Finance,Compliance,4.69,3.43,6,1,6,82.45,38.22,0,-20.98,3.23
PRJ-1450,2022-07-27,2022-09-20,55,763471.54,571706.35,-25.12,10,Medium,Finance,New Product Launch,7.38,3.2,14,7,2,76.37,67.66,0,-1.81,1.0
PRJ-1451,2022-05-13,2022-11-19,190,4002555.02,2689631.74,-32.8,36,High,HR,New Product Launch,9.02,2.91,14,1,3,62.84,53.88,0,-3.41,2.2
PRJ-1452,2022-05-24,2022-09-24,123,563464.31,636009.51,12.87,15,High,Finance,Process Improvement,5.84,2.74,20,3,5,77.05,43.96,1,26.24,3.33
PRJ-1453,2022-12-22,2023-08-16,237,1403839.19,1573855.77,12.11,27,Medium,Finance,System Upgrade,1.17,6.24,9,2,4,86.16,27.26,1,36.76,3.23
PRJ-1454,2021-07-25,2021-09-30,67,3806031.01,2912247.35,-23.48,19,Medium,IT,Cost Reduction,8.82,7.45,12,4,9,88.54,72.88,0,-17.73,1.03
PRJ-1455,2021-06-27,2022-04-30,307,3168535.32,4051541.54,27.87,16,Medium,Marketing,Process Improvement,2.26,4.64,4,4,5,79.73,31.04,1,23.8,3.34
PRJ-1456,2020-12-22,2021-07-18,208,2075261.75,2433071.12,17.24,24,Medium,Marketing,Compliance,4.16,9.39,2,0,6,94.56,59.66,1,8.61,3.08
PRJ-1457,2020-07-03,2020-11-01,121,4648927.98,5527153.59,18.89,38,Medium,Finance,New Product Launch,4.54,5.0,8,1,3,111.81,35.89,0,-24.61,1.78
PRJ-1458,2020-04-14,2021-01-12,273,4663906.71,5784363.55,24.02,45,Medium,IT,Cost Reduction,6.56,6.85,8,2,8,86.69,45.26,0,-10.58,2.27
PRJ-1459,2020-01-17,2020-02-25,39,4416138.52,5099939.25,15.48,4,High,IT,System Upgrade,3.78,8.35,7,0,4,79.5,38.85,0,-10.64,2.39
PRJ-1460,2021-10-08,2022-08-29,325,3009089.37,3014703.4,0.19,10,Medium,HR,Cost Reduction,3.3,6.63,10,0,3,75.72,34.65,0,-18.17,2.9
PRJ-1461,2021-01-04,2021-09-20,259,3822254.68,3321652.66,-13.1,28,Medium,Operations,System Upgrade,3.57,2.49,4,3,2,82.59,33.82,1,23.14,3.23
PRJ-1462,2022-05-06,2022-10-26,173,4290012.57,5793379.55,35.04,19,High,IT,System Upgrade,4.81,4.07,20,0,3,80.75,32.47,0,-6.05,1.88
PRJ-1463,2021-04-08,2022-01-06,273,812674.88,1043127.78,28.36,32,High,HR,Cost Reduction,3.77,5.0,14,0,4,67.2,44.48,0,-16.36,3.33
PRJ-1464,2022-03-09,2023-01-25,322,1051252.25,1324200.22,25.96,15,Low,Finance,New Product Launch,3.32,4.37,2,4,1,55.79,28.47,1,23.12,3.11
PRJ-1465,2020-11-13,2021-08-14,274,1299534.41,1417012.06,9.04,48,Medium,IT,Process Improvement,6.98,7.72,6,4,5,76.39,57.51,1,19.35,2.85
PRJ-1466,2022-02-26,2022-10-05,221,3349027.47,3342353.95,-0.2,22,Medium,Operations,Compliance,2.94,5.78,6,2,2,77.66,50.09,0,-14.23,2.49
PRJ-1467,2020-12-25,2021-12-17,357,2383272.15,2256108.32,-5.34,7,High,Finance,System Upgrade,6.86,5.42,2,4,4,63.98,71.98,0,-9.93,1.0
PRJ-1468,2021-05-13,2022-01-07,239,1065022.71,1328404.78,24.73,20,High,Marketing,New Product Launch,5.83,7.52,12,3,5,103.05,62.03,1,19.86,3.05
PRJ-1469,2020-06-06,2021-01-10,218,3468806.68,3023662.92,-12.83,26,Medium,IT,Compliance,2.86,5.69,17,1,6,89.37,23.34,0,-14.59,2.26
PRJ-1470,2021-06-05,2022-01-08,217,2501099.38,1877208.95,-24.94,18,Medium,Finance,System Upgrade,6.45,4.98,20,2,7,82.2,66.35,0,-5.94,2.11
PRJ-1471,2021-02-22,2022-01-23,335,4534088.29,3730978.01,-17.71,45,Medium,Marketing,Process Improvement,3.56,6.41,11,3,7,78.01,47.35,0,-24.22,1.6
PRJ-1472,2022-01-31,2022-07-01,151,4690753.63,4644204.99,-0.99,38,High,Finance,Process Improvement,8.37,6.59,12,1,2,101.64,67.48,0,-8.57,1.52
PRJ-1473,2022-02-13,2022-06-27,134,1829252.88,2357399.07,28.87,49,High,Marketing,New Product Launch,5.23,8.29,7,2,4,88.63,62.79,0,-6.23,1.62
PRJ-1474,2021-05-01,2022-04-30,364,4381136.44,4796052.6,9.47,34,High,Operations,Cost Reduction,6.11,3.91,3,2,2,87.1,62.22,1,28.84,2.03
PRJ-1475,2021-07-17,2022-04-08,265,1333166.16,1569986.33,17.76,43,Medium,HR,Cost Reduction,7.83,3.25,12,2,7,77.98,39.31,0,-20.74,1.55
PRJ-1476,2020-12-22,2021-10-18,300,3273401.93,2778084.78,-15.13,34,Medium,HR,Compliance,3.54,5.61,2,0,3,84.06,36.63,1,15.25,4.21
PRJ-1477,2022-11-25,2023-08-27,275,2377663.05,1791618.19,-24.65,5,Medium,Finance,Process Improvement,1.52,9.2,8,4,3,87.46,42.46,0,-0.97,1.16
PRJ-1478,2022-08-20,2023-07-04,318,2196431.81,2752404.87,25.31,46,Medium,Operations,Cost Reduction,5.37,6.32,13,2,2,83.54,57.59,0,-11.07,1.86
PRJ-1479,2020-09-15,2020-12-09,85,4747429.54,5487240.83,15.58,8,Medium,Finance,Compliance,2.59,5.45,2,2,2,74.73,36.81,0,-19.6,2.26
PRJ-1480,2021-09-17,2021-12-02,76,1235994.67,1014576.66,-17.91,17,High,HR,New Product Launch,5.87,6.04,17,0,2,74.75,25.51,1,18.63,3.78
PRJ-1481,2020-12-09,2021-10-05,300,1092168.78,1014868.45,-7.08,14,Medium,Operations,New Product Launch,5.72,5.32,20,1,3,95.05,66.02,0,-19.46,1.2
PRJ-1482,2020-03-26,2020-06-21,87,3444230.1,4099083.33,19.01,6,High,Finance,New Product Launch,6.02,3.12,6,3,5,88.08,29.43,0,-17.97,1.85
PRJ-1483,2020-06-24,2020-11-13,142,3356271.99,4084493.5,21.7,42,Medium,IT,Compliance,4.66,5.69,18,0,5,72.35,56.63,0,-9.22,2.1
PRJ-1484,2022-01-20,2022-12-22,336,2333935.89,3496655.91,49.82,37,Medium,Operations,Cost Reduction,1.19,5.0,9,1,2,81.03,10.02,1,14.84,4.18
PRJ-1485,2022-04-18,2023-01-20,277,4508249.93,5006571.04,11.05,23,Medium,IT,Cost Reduction,4.86,4.47,8,1,6,83.83,41.88,0,-10.06,1.64
PRJ-1486,2022-07-11,2023-04-13,276,1535150.88,1837301.22,19.68,37,Low,HR,Process Improvement,1.92,5.9,6,2,1,76.84,17.95,1,22.57,3.9
PRJ-1487,2022-05-30,2023-01-19,234,1578520.55,1528900.32,-3.14,3,Medium,Operations,Compliance,3.37,4.35,4,1,0,89.37,24.41,0,-14.44,1.92
PRJ-1488,2020-10-09,2021-02-21,135,4726935.49,5430341.33,14.88,17,High,IT,Cost Reduction,7.71,5.69,8,2,4,75.92,57.6,1,28.76,2.97
PRJ-1489,2020-01-18,2020-07-01,165,4302951.89,3476146.03,-19.21,29,High,Finance,New Product Launch,8.63,5.17,11,3,3,91.67,49.19,1,25.99,3.03
PRJ-1490,2020-08-21,2021-05-24,276,2172829.09,1995081.31,-8.18,17,Medium,Marketing,New Product Launch,7.66,1.78,17,4,5,88.78,66.89,0,-17.85,1.18
PRJ-1491,2022-02-04,2022-10-19,257,4949966.2,3402316.23,-31.27,4,High,Operations,Cost Reduction,7.33,8.18,20,0,7,88.82,71.44,0,-1.81,1.24
PRJ-1492,2020-07-11,2020-10-26,107,2108786.84,2411708.84,14.36,45,Medium,HR,Process Improvement,4.57,1.78,3,3,2,92.27,20.34,0,-20.33,2.96
PRJ-1493,2021-03-23,2021-12-23,275,2504408.15,2554930.17,2.02,36,Medium,Finance,Cost Reduction,6.38,4.42,19,3,6,58.58,59.72,1,14.5,2.39
PRJ-1494,2022-01-04,2022-04-20,106,755870.27,509462.99,-32.6,34,Medium,Finance,Compliance,6.18,7.5,17,2,6,73.11,58.99,1,22.52,2.72
PRJ-1495,2020-04-26,2020-06-09,44,2904966.19,2494105.92,-14.14,33,High,Finance,New Product Launch,5.65,6.45,10,6,4,86.63,39.28,1,28.5,2.67
PRJ-1496,2022-09-27,2023-07-03,279,2538779.37,2567932.63,1.15,31,Medium,HR,Cost Reduction,6.2,6.47,7,5,7,98.78,54.15,0,-7.44,1.75
PRJ-1497,2020-02-24,2020-04-17,53,4172155.41,6110982.93,46.47,38,High,HR,Process Improvement,1.26,4.29,16,0,0,86.95,29.9,1,28.99,4.21
PRJ-1498,2020-02-06,2020-03-21,44,4311605.89,4411100.63,2.31,49,Medium,HR,Process Improvement,5.23,2.53,6,2,3,72.51,29.28,0,-18.13,2.42
PRJ-1499,2021-01-08,2021-03-30,81,4064557.36,3476484.72,-14.47,30,Low,Finance,Cost Reduction,4.13,5.0,7,3,2,94.39,41.0,0,-14.12,1.69
PRJ-1500,2020-01-30,2020-12-22,327,1114603.78,913202.19,-18.07,42,High,IT,System Upgrade,8.14,4.27,13,3,6,83.51,57.45,0,-10.97,1.99
PRJ-1501,2021-02-23,2021-04-18,54,3966354.2,3713343.24,-6.38,41,Medium,Finance,Process Improvement,2.35,9.64,18,2,8,86.71,44.34,1,25.11,2.88
PRJ-1502,2022-05-20,2022-10-07,140,2655674.04,2164337.65,-18.5,12,Medium,HR,New Product Launch,6.96,5.04,16,2,11,61.02,44.91,0,-20.02,2.37
PRJ-1503,2021-08-23,2021-10-31,69,447566.42,333009.64,-25.6,36,Medium,Operations,Compliance,5.03,1.8,20,2,2,77.4,39.98,1,30.8,3.16
PRJ-1504,2020-04-22,2021-03-17,329,4923113.5,7093026.55,44.08,32,Medium,Finance,System Upgrade,6.38,5.96,18,0,2,86.45,73.67,0,-4.17,1.08
PRJ-1505,2021-08-18,2022-01-11,146,2882127.05,3240477.1,12.43,20,High,Marketing,System Upgrade,5.49,7.55,1,0,6,98.48,59.19,0,-13.73,1.0
PRJ-1506,2021-06-16,2022-03-29,286,77691.07,82929.1,6.74,47,Low,Operations,Process Improvement,2.98,8.08,1,4,4,80.72,66.69,0,-15.79,1.0
PRJ-1507,2021-10-11,2022-07-06,268,1016603.0,923072.38,-9.2,28,High,Marketing,Process Improvement,2.39,3.92,13,6,3,95.78,34.85,1,16.44,2.87
PRJ-1508,2021-04-15,2021-12-20,249,3352732.12,3640382.78,8.58,31,High,IT,Compliance,6.82,4.1,8,2,5,80.94,55.55,0,-11.71,1.94
PRJ-1509,2020-02-27,2020-10-28,244,3945455.6,3874914.26,-1.79,44,Medium,HR,New Product Launch,6.19,5.77,5,1,1,94.29,52.47,0,-15.74,1.68
PRJ-1510,2021-04-07,2021-11-02,209,3961710.16,5262563.79,32.84,13,Medium,HR,Process Improvement,1.0,6.32,1,0,3,92.48,38.2,1,24.89,3.99
PRJ-1511,2022-01-17,2022-11-23,310,815091.83,611188.13,-25.02,35,Medium,Marketing,Process Improvement,8.82,2.92,17,0,1,74.66,52.09,1,33.19,2.76
PRJ-1512,2021-12-04,2022-03-31,117,368402.3,339211.91,-7.92,15,High,HR,Process Improvement,6.47,3.55,11,5,2,88.67,54.73,0,-12.02,1.72
PRJ-1513,2022-11-14,2023-03-10,116,925168.25,883512.5,-4.5,32,Medium,IT,Cost Reduction,6.43,4.21,17,3,10,79.04,42.99,1,7.7,2.82
PRJ-1514,2021-04-14,2021-05-27,43,4967195.3,6092748.05,22.66,6,Medium,Marketing,Cost Reduction,6.03,3.75,2,0,2,82.41,42.68,0,-13.58,1.65
PRJ-1515,2022-05-30,2022-08-16,78,3412027.4,5009002.73,46.8,33,Medium,Operations,Process Improvement,8.09,2.16,11,2,4,65.93,65.01,0,-11.18,1.47
PRJ-1516,2022-11-04,2023-04-07,154,4802062.65,5406050.52,12.58,27,Medium,Finance,Cost Reduction,4.67,6.94,3,2,9,86.01,41.59,1,14.3,3.09
PRJ-1517,2022-06-03,2022-07-18,45,4872500.5,4441205.1,-8.85,13,Low,Marketing,System Upgrade,9.17,5.25,2,2,9,70.08,78.56,1,20.1,2.25
PRJ-1518,2020-09-05,2021-06-20,288,1197633.52,1326870.33,10.79,5,Medium,HR,Cost Reduction,3.39,7.49,9,2,1,92.27,29.45,0,-8.93,1.74
PRJ-1519,2021-09-18,2022-08-14,330,1267194.77,1752594.05,38.31,11,Medium,Finance,Cost Reduction,6.96,4.5,18,2,5,83.97,44.87,0,-12.75,2.57
PRJ-1520,2020-07-15,2021-04-04,263,927186.43,1042559.35,12.44,33,Medium,Operations,Process Improvement,6.14,3.34,18,5,2,81.74,41.15,1,35.89,2.85
PRJ-1521,2022-06-24,2023-02-27,248,3955306.94,3513046.14,-11.18,13,Low,HR,Process Improvement,9.49,2.82,19,2,6,89.64,72.14,0,-22.5,2.47
PRJ-1522,2020-03-09,2020-08-16,160,823408.37,1010259.25,22.69,42,Low,IT,Cost Reduction,7.2,2.73,7,2,8,84.61,31.04,0,-12.55,2.77
PRJ-1523,2021-04-18,2021-08-30,134,958638.06,705885.21,-26.37,46,Low,HR,New Product Launch,5.21,4.1,1,0,4,94.99,48.87,0,-30.23,2.24
PRJ-1524,2021-11-19,2022-05-01,163,313983.84,380410.66,21.16,45,Medium,HR,New Product Launch,4.92,7.05,5,1,2,78.52,35.5,0,-18.45,1.76
PRJ-1525,2020-05-01,2020-07-19,79,3428271.38,4998511.47,45.8,3,High,Marketing,System Upgrade,1.08,6.16,15,0,2,64.03,22.03,0,-20.39,2.75
PRJ-1526,2020-04-09,2020-08-31,144,1646763.05,2257893.45,37.11,19,Medium,HR,Process Improvement,7.83,3.35,6,0,1,88.92,55.74,0,-7.66,2.25
PRJ-1527,2021-03-14,2021-04-16,33,4126092.62,2832031.51,-31.36,14,Low,IT,Process Improvement,2.38,6.35,3,0,2,97.86,15.04,0,-12.37,2.89
PRJ-1528,2020-03-11,2020-12-13,277,3027281.95,2557233.69,-15.53,4,Low,Finance,New Product Launch,8.18,1.66,4,3,8,78.42,40.64,0,-20.25,1.48
PRJ-1529,2020-05-15,2021-03-01,290,4109760.61,2833858.83,-31.05,9,Medium,Operations,Compliance,2.31,2.85,5,1,5,83.55,19.34,0,-5.16,3.17
PRJ-1530,2022-12-11,2023-04-16,126,686504.72,845364.38,23.14,41,Medium,Operations,New Product Launch,6.03,3.04,13,2,5,91.29,48.87,1,10.5,3.24
PRJ-1531,2022-10-22,2023-05-19,209,4065223.49,2647277.91,-34.88,34,Medium,IT,System Upgrade,4.77,7.93,11,2,4,68.57,38.58,0,-9.02,2.19
PRJ-1532,2022-05-14,2022-12-27,227,3143335.5,3152851.46,0.3,4,Low,Finance,Process Improvement,4.2,2.15,1,5,2,82.88,53.03,0,-9.97,2.43
PRJ-1533,2021-07-30,2021-12-25,148,1554075.23,2345529.45,50.93,38,High,Finance,Cost Reduction,3.99,4.0,10,3,3,99.27,41.67,0,-8.08,2.05
PRJ-1534,2020-11-10,2021-07-18,250,2874272.26,4103813.14,42.78,25,Medium,Marketing,Cost Reduction,1.14,6.65,7,0,4,71.88,15.5,0,-20.56,3.07
PRJ-1535,2020-01-16,2020-09-10,238,818040.91,893164.84,9.18,30,Medium,IT,New Product Launch,5.23,5.0,18,3,3,91.26,51.03,1,26.07,3.19
PRJ-1536,2022-06-04,2023-04-11,311,1776064.06,2272369.42,27.94,25,High,Marketing,Process Improvement,3.45,7.05,18,3,2,96.69,29.09,1,16.2,3.35
PRJ-1537,2022-01-08,2022-04-13,95,4208042.07,4080725.25,-3.03,7,Medium,HR,Compliance,5.37,1.0,2,0,5,75.28,41.07,0,-13.3,2.68
PRJ-1538,2022-06-12,2022-12-24,195,4326587.29,4593631.97,6.17,41,Medium,Finance,Process Improvement,2.54,6.66,15,2,5,87.83,35.47,1,20.92,2.67
PRJ-1539,2021-08-18,2022-03-08,202,4451671.64,4297837.25,-3.46,7,Medium,IT,Process Improvement,8.03,7.81,6,1,9,95.62,79.74,1,21.96,2.72
PRJ-1540,2021-01-21,2022-01-06,350,3932214.57,4678087.29,18.97,7,Medium,HR,Cost Reduction,5.58,6.2,8,0,3,105.1,24.09,0,-13.52,2.6
PRJ-1541,2020-08-30,2021-03-27,209,1354686.11,1494305.17,10.31,10,High,Operations,Compliance,5.71,8.9,13,4,1,79.33,80.0,0,-19.54,1.22
PRJ-1542,2020-02-11,2020-03-15,33,1958821.96,2997153.63,53.01,22,Medium,HR,Compliance,6.47,3.22,10,6,4,75.39,78.74,0,-14.9,1.15
PRJ-1543,2022-01-09,2022-05-02,113,523460.57,354730.73,-32.23,39,High,Marketing,System Upgrade,6.4,3.2,7,3,1,92.8,36.64,0,-9.58,1.75
PRJ-1544,2020-11-03,2021-10-11,342,1488719.13,1793365.11,20.46,47,Medium,HR,System Upgrade,3.25,1.7,2,2,2,85.34,30.32,0,-7.82,1.89
PRJ-1545,2021-06-07,2022-03-17,283,3619965.37,3880905.54,7.21,48,High,Operations,Process Improvement,4.12,4.35,15,1,5,100.45,41.69,1,29.42,3.68
PRJ-1546,2021-12-24,2022-11-19,330,1981345.04,2472045.17,24.77,18,Medium,IT,Compliance,3.17,6.73,10,2,1,76.81,25.6,0,-7.26,1.85
PRJ-1547,2022-02-01,2022-11-03,275,407937.35,417334.73,2.3,46,Low,IT,Compliance,4.48,5.25,9,1,1,79.23,43.72,0,-18.88,1.69
PRJ-1548,2022-08-19,2022-12-31,134,3684042.78,4991578.11,35.49,19,Medium,HR,Compliance,5.73,7.08,8,1,2,113.78,61.8,0,-16.15,1.34
PRJ-1549,2022-07-20,2023-05-30,314,3121768.02,2604606.52,-16.57,31,High,Operations,New Product Launch,1.0,7.94,20,3,3,79.13,12.22,1,27.74,4.46
PRJ-1550,2021-02-08,2022-01-06,332,724062.0,800541.12,10.56,17,Medium,Finance,System Upgrade,1.75,7.22,19,3,3,95.89,28.72,1,9.19,2.83
PRJ-1551,2020-07-04,2020-11-11,130,4094570.49,2188194.82,-46.56,25,Medium,Finance,New Product Launch,6.77,5.41,6,2,6,102.88,40.6,0,-16.08,1.76
PRJ-1552,2021-12-26,2022-07-29,215,166336.99,146194.16,-12.11,25,Medium,IT,Compliance,4.45,2.7,20,3,4,103.94,19.04,0,-19.11,2.34
PRJ-1553,2020-09-07,2021-01-11,126,2083346.59,1831418.06,-12.09,30,Medium,Finance,Process Improvement,4.3,3.29,6,2,2,85.25,41.1,0,-5.52,2.04
PRJ-1554,2020-01-31,2020-12-24,328,3342760.31,3937789.44,17.8,35,High,HR,System Upgrade,5.71,10.0,20,2,5,98.1,49.79,1,24.67,3.12
PRJ-1555,2021-02-15,2022-01-21,340,4893360.53,7209684.66,47.34,30,Low,Marketing,Cost Reduction,1.48,1.47,1,2,1,87.73,26.09,0,-16.18,2.58
PRJ-1556,2021-10-10,2022-01-23,105,4980926.81,2796147.56,-43.86,21,Low,Operations,Process Improvement,4.99,6.39,15,3,2,85.5,46.43,0,-21.7,1.9
PRJ-1557,2022-12-18,2023-12-02,349,3127500.07,4174949.92,33.49,46,Low,IT,Cost Reduction,3.93,3.36,15,2,3,89.11,21.41,0,-15.02,2.01
PRJ-1558,2021-11-19,2022-05-02,164,4471036.66,4266661.76,-4.57,48,High,Marketing,New Product Launch,6.03,5.51,3,3,4,74.56,47.67,0,-15.63,2.32
PRJ-1559,2020-11-08,2021-09-04,300,2347469.18,2377727.83,1.29,46,Medium,IT,System Upgrade,5.46,7.99,14,0,5,83.52,56.36,0,-14.17,1.23
PRJ-1560,2022-03-08,2022-04-10,33,946199.28,1015905.8,7.37,21,Low,HR,Cost Reduction,5.78,5.78,10,3,4,69.38,50.54,0,-21.2,2.13
PRJ-1561,2020-05-25,2021-04-27,337,3190477.71,2822127.97,-11.55,35,Low,HR,Cost Reduction,8.87,9.23,9,4,9,93.68,73.48,0,-9.81,1.0
PRJ-1562,2020-01-28,2020-08-15,200,2558106.36,2799408.11,9.43,26,High,Marketing,System Upgrade,1.53,6.84,8,2,3,74.04,34.19,1,21.21,3.05
PRJ-1563,2022-08-13,2023-04-04,234,4058501.73,3346408.77,-17.55,4,Medium,IT,System Upgrade,4.1,1.0,4,3,2,78.34,26.98,0,-9.38,2.99
PRJ-1564,2021-11-10,2022-04-26,167,3440029.67,3998551.63,16.24,49,High,Finance,Cost Reduction,5.53,5.49,12,1,6,72.57,38.36,0,-14.63,2.2
PRJ-1565,2022-01-22,2022-05-18,116,4626622.59,5390345.4,16.51,37,Low,Operations,Cost Reduction,2.51,3.56,18,2,4,98.8,29.26,0,-7.94,3.23
PRJ-1566,2020-04-24,2020-10-11,170,3642972.77,3331651.36,-8.55,7,Medium,Marketing,Cost Reduction,6.86,6.77,5,1,2,105.93,68.59,0,-19.33,1.32
PRJ-1567,2020-05-04,2020-11-21,201,2815473.15,3544712.31,25.9,27,Medium,Finance,Compliance,5.94,3.66,17,0,7,89.27,49.32,0,-12.04,1.76
PRJ-1568,2022-06-16,2022-07-21,35,3819630.66,3213578.5,-15.87,12,High,IT,Cost Reduction,6.57,5.5,19,2,5,86.79,72.7,0,-13.86,1.42
PRJ-1569,2022-09-05,2023-04-11,218,99356.31,105876.55,6.56,19,High,HR,Process Improvement,1.67,2.9,7,1,3,72.33,9.17,1,18.24,3.79
PRJ-1570,2020-09-20,2021-07-11,294,2101129.56,1988814.86,-5.35,6,Medium,Finance,New Product Launch,4.0,6.05,19,1,5,85.93,29.62,0,-8.73,1.68
PRJ-1571,2022-06-19,2023-02-15,241,3961320.79,2978352.76,-24.81,47,High,Finance,System Upgrade,1.79,3.53,2,1,1,74.12,14.69,0,-12.22,3.26
PRJ-1572,2021-08-20,2022-07-28,342,4418619.11,3953011.99,-10.54,6,Medium,Operations,Process Improvement,3.26,6.56,11,0,3,85.75,33.08,0,-11.51,3.16
PRJ-1573,2022-10-13,2023-05-06,205,1438279.41,1381797.46,-3.93,13,Medium,Finance,Cost Reduction,1.88,9.23,4,2,5,82.71,46.09,0,-20.88,1.8
PRJ-1574,2020-07-13,2021-01-30,201,2797127.91,2417494.92,-13.57,38,High,Finance,Compliance,3.74,6.88,13,2,3,85.04,29.15,1,24.43,3.56
PRJ-1575,2021-05-20,2022-02-03,259,4071392.3,4892005.96,20.16,47,Low,Finance,New Product Launch,6.99,9.74,2,0,8,80.2,80.0,0,-7.85,1.0
PRJ-1576,2021-03-25,2022-03-09,349,365938.87,300930.13,-17.76,35,High,Operations,System Upgrade,3.56,5.23,9,2,0,87.26,32.64,1,9.37,3.76
PRJ-1577,2020-06-27,2021-05-22,329,4209789.45,4691096.92,11.43,23,Medium,Marketing,New Product Launch,7.42,6.16,1,1,8,87.88,61.17,0,-17.45,2.1
PRJ-1578,2022-09-01,2023-05-20,261,1490466.65,845557.18,-43.27,35,High,HR,Cost Reduction,5.92,4.64,9,2,1,60.63,54.0,1,29.26,3.2
PRJ-1579,2020-01-28,2020-10-14,260,1305786.76,1668608.66,27.79,45,High,IT,Process Improvement,4.41,2.56,7,3,1,86.03,33.83,0,-16.78,1.72
PRJ-1580,2021-11-04,2022-08-20,289,2240231.09,2491378.75,11.21,27,Medium,Finance,System Upgrade,2.77,4.29,4,1,1,64.45,19.29,0,-11.7,2.51
PRJ-1581,2020-03-11,2021-03-04,358,2248654.29,1631581.74,-27.44,43,Medium,HR,New Product Launch,8.52,4.1,17,1,5,99.04,59.33,0,-19.01,3.01
PRJ-1582,2020-04-07,2021-03-03,330,4693685.74,6071773.28,29.36,38,Medium,Operations,System Upgrade,7.07,5.77,12,2,7,67.45,58.86,1,27.92,2.68
PRJ-1583,2020-03-22,2020-12-05,258,3655388.45,4378016.28,19.77,24,Medium,IT,Compliance,4.16,7.54,13,1,7,100.38,38.08,0,-11.03,1.49
PRJ-1584,2022-04-14,2023-04-10,361,4976100.52,6900665.2,38.68,31,High,Finance,Cost Reduction,2.57,4.39,18,3,1,81.2,41.31,0,1.99,2.36
PRJ-1585,2021-12-03,2022-09-07,278,3730370.3,5354967.74,43.55,47,Medium,Finance,Process Improvement,8.02,3.0,2,2,8,94.99,55.45,0,-5.75,2.49
PRJ-1586,2022-07-31,2023-07-27,361,2118318.21,2062201.66,-2.65,33,Low,IT,Process Improvement,5.1,7.51,20,2,3,97.52,28.08,1,17.9,3.43
PRJ-1587,2021-04-16,2021-07-03,78,2274935.73,1423831.11,-37.41,34,Medium,Operations,Compliance,4.23,6.33,16,3,1,77.59,54.22,0,-19.05,2.59
PRJ-1588,2021-06-03,2022-05-27,358,3801977.98,3264472.44,-14.14,30,High,Finance,Cost Reduction,5.6,4.76,2,5,5,94.82,45.86,0,-5.54,1.53
PRJ-1589,2021-10-16,2022-08-28,316,4732710.86,5172782.89,9.3,7,High,HR,System Upgrade,4.59,7.14,6,1,5,81.28,49.18,0,-13.3,1.2
PRJ-1590,2022-05-08,2022-10-30,175,469115.58,646943.69,37.91,47,Medium,Operations,Process Improvement,4.53,3.96,14,0,3,90.11,32.33,0,-18.43,2.56
PRJ-1591,2020-11-12,2021-09-16,308,2770137.6,2390459.24,-13.71,15,High,IT,Cost Reduction,3.58,5.54,10,3,4,98.39,40.32,1,23.66,2.68
PRJ-1592,2020-10-22,2021-07-10,261,182897.28,162119.87,-11.36,6,High,Operations,New Product Launch,8.06,4.42,1,5,3,89.73,55.02,0,-11.93,1.83
PRJ-1593,2020-08-10,2021-06-01,295,1301527.23,1648076.28,26.63,22,Low,Finance,System Upgrade,2.51,5.94,20,4,0,68.33,52.89,1,19.23,1.86
PRJ-1594,2022-12-26,2023-07-19,205,2349441.24,2998020.64,27.61,33,Medium,HR,Compliance,4.51,3.29,10,3,3,76.27,26.98,0,-17.64,3.55
PRJ-1595,2022-12-08,2023-02-21,75,2185652.71,2642570.97,20.91,25,High,Finance,Process Improvement,8.38,4.48,12,2,5,87.48,48.66,1,29.63,2.76
PRJ-1596,2020-06-16,2021-04-30,318,4385634.32,2418774.12,-44.85,45,Medium,Marketing,System Upgrade,6.32,5.6,10,4,7,86.82,34.85,0,-17.87,1.0
PRJ-1597,2022-10-28,2023-05-01,185,1304855.64,1039803.85,-20.31,46,Medium,IT,Process Improvement,3.9,4.9,20,3,4,92.52,34.32,0,-11.82,2.64
PRJ-1598,2021-02-06,2021-11-20,287,4287844.59,4985335.84,16.27,47,Medium,Marketing,Cost Reduction,4.13,6.89,3,2,3,86.95,57.71,0,-18.22,1.66
PRJ-1599,2020-11-17,2021-01-10,54,4902594.26,5069940.63,3.41,41,High,HR,Compliance,4.27,6.66,4,2,2,87.07,44.06,0,-10.47,1.0
PRJ-1600,2022-03-29,2022-12-18,264,479379.2,537149.56,12.05,10,Medium,HR,Process Improvement,3.75,4.09,9,2,2,87.25,42.62,1,33.82,3.21
PRJ-1601,2021-01-13,2021-09-19,249,1723627.49,2360718.44,36.96,6,Medium,IT,New Product Launch,6.43,7.47,10,2,4,83.86,62.9,0,-13.74,1.36
PRJ-1602,2021-08-26,2022-06-10,288,1047043.4,1038637.55,-0.8,5,Medium,Operations,Compliance,4.68,6.61,10,2,3,83.53,55.86,1,32.42,3.33
PRJ-1603,2022-03-01,2023-01-21,326,4724117.49,5984145.76,26.67,9,Medium,Operations,Compliance,4.85,6.21,2,2,4,97.71,43.58,1,27.36,2.37
PRJ-1604,2022-04-06,2023-03-26,354,837865.45,874220.45,4.34,44,High,Finance,New Product Launch,4.37,5.75,9,1,1,74.68,29.34,1,33.09,3.78
PRJ-1605,2020-05-05,2020-06-18,44,3300819.47,3181995.64,-3.6,9,Medium,HR,System Upgrade,1.0,8.21,8,2,3,87.96,43.68,0,-15.61,2.45
PRJ-1606,2021-10-19,2022-06-16,240,2836758.45,3274765.66,15.44,49,High,HR,Compliance,3.91,6.69,13,1,9,75.6,44.78,1,22.83,3.71
PRJ-1607,2022-01-23,2022-11-09,290,1284293.94,1169683.94,-8.92,45,High,Marketing,Cost Reduction,3.84,3.15,11,1,2,79.62,28.8,0,-9.6,2.24
PRJ-1608,2021-03-06,2021-05-11,66,1813428.85,2333942.06,28.7,28,Medium,IT,New Product Launch,6.8,2.05,13,1,5,82.86,43.81,0,-14.57,2.19
PRJ-1609,2022-03-16,2022-06-28,104,3199923.22,4537434.17,41.8,21,Medium,Finance,Process Improvement,6.57,4.87,19,2,5,81.38,53.27,0,-26.98,1.59
PRJ-1610,2022-06-06,2022-12-28,205,1794690.78,2244571.63,25.07,46,High,Marketing,System Upgrade,6.1,4.07,7,1,5,81.31,33.03,0,-2.34,2.63
PRJ-1611,2021-08-22,2022-07-18,330,2367720.7,2923666.76,23.48,19,Low,HR,System Upgrade,5.73,5.11,14,4,3,75.77,49.31,0,-16.3,1.29
PRJ-1612,2020-05-02,2020-07-31,90,2235458.38,3510461.22,57.04,21,Low,Finance,Process Improvement,9.34,4.48,9,2,8,85.09,60.91,0,-11.7,1.1
PRJ-1613,2020-08-14,2021-06-20,310,4285357.02,4949852.47,15.51,27,Medium,HR,System Upgrade,6.2,5.09,15,3,5,85.01,32.9,0,-13.19,1.51
PRJ-1614,2022-05-28,2023-03-04,280,2470636.03,2750447.31,11.33,6,High,Finance,Compliance,7.73,5.43,2,1,4,74.1,64.02,1,16.62,3.76
PRJ-1615,2020-04-24,2020-08-22,120,3266464.1,3437215.19,5.23,24,Medium,HR,Process Improvement,1.43,1.28,13,1,0,78.55,5.73,1,28.16,3.43
PRJ-1616,2020-12-05,2021-09-27,296,4675865.18,6019754.58,28.74,36,Medium,HR,Process Improvement,4.06,7.1,17,2,2,81.01,42.6,0,-20.57,2.06
PRJ-1617,2022-10-28,2023-03-08,131,2315251.83,2447357.97,5.71,16,High,HR,Compliance,6.22,6.79,4,0,3,83.74,40.77,0,-14.99,2.05
PRJ-1618,2020-11-01,2021-10-21,354,1677723.58,2065876.43,23.14,49,Medium,HR,New Product Launch,5.81,5.55,3,4,3,84.79,51.37,0,-4.7,1.89
PRJ-1619,2020-12-09,2021-05-20,162,3004552.47,4347908.62,44.71,9,Low,IT,New Product Launch,6.02,7.2,9,4,4,92.14,47.07,0,-10.67,2.09
PRJ-1620,2020-07-28,2021-07-23,360,654115.63,717230.76,9.65,14,High,HR,System Upgrade,3.91,5.5,16,0,3,76.17,25.26,1,24.94,3.13
PRJ-1621,2022-12-20,2023-08-26,249,248689.97,284747.4,14.5,14,Medium,HR,Cost Reduction,4.93,2.29,2,1,6,77.35,15.57,0,-16.46,3.1
PRJ-1622,2021-11-26,2022-08-14,261,2744056.85,2824448.74,2.93,25,Medium,IT,Cost Reduction,2.45,5.2,20,1,5,96.33,35.88,0,-11.83,2.44
PRJ-1623,2020-01-02,2020-12-02,335,4868227.02,2786055.69,-42.77,17,Low,HR,System Upgrade,6.95,4.58,17,1,3,80.46,55.75,0,-9.08,2.07
PRJ-1624,2022-05-08,2022-06-25,48,3592585.2,4760571.94,32.51,32,Medium,Finance,Cost Reduction,3.87,7.61,7,1,2,92.18,53.2,0,-12.69,2.33
PRJ-1625,2021-09-19,2022-05-31,254,112113.59,110141.58,-1.76,39,High,Operations,System Upgrade,3.06,2.04,9,2,3,100.48,24.72,1,24.11,3.8
PRJ-1626,2022-10-18,2023-09-15,332,1426989.4,1841407.91,29.04,36,Medium,IT,Process Improvement,4.81,5.74,14,1,8,63.27,33.59,1,14.72,2.59
PRJ-1627,2020-07-28,2021-04-09,255,4925917.53,6264077.73,27.17,9,Medium,Operations,Cost Reduction,4.01,1.8,1,2,4,81.25,24.66,0,-14.58,2.02
PRJ-1628,2021-04-28,2021-12-27,243,1806962.72,1603204.68,-11.28,6,High,HR,Process Improvement,5.36,6.38,11,6,2,86.49,63.49,1,28.36,3.26
PRJ-1629,2021-09-09,2022-05-28,261,4214476.34,4530278.34,7.49,36,Medium,Finance,System Upgrade,4.08,6.11,20,2,6,64.21,44.73,0,-21.28,2.07
PRJ-1630,2020-08-02,2021-03-26,236,2893961.69,3119394.75,7.79,15,Low,Marketing,System Upgrade,1.02,3.74,11,2,1,69.3,19.71,1,28.36,3.71
PRJ-1631,2022-10-11,2023-05-29,230,4500490.35,4641898.2,3.14,47,Medium,IT,System Upgrade,5.98,6.85,20,2,5,81.69,58.39,1,15.81,2.21
PRJ-1632,2021-01-19,2021-12-28,343,4368976.56,4220565.05,-3.4,3,High,IT,System Upgrade,5.04,6.12,14,1,7,66.78,38.12,0,-10.07,2.15
PRJ-1633,2022-12-24,2023-05-04,131,2554726.41,2535570.57,-0.75,22,Medium,Marketing,New Product Launch,1.53,4.57,3,6,0,87.32,32.88,0,-5.87,1.0
PRJ-1634,2022-03-24,2022-10-19,209,806609.0,860933.0,6.73,36,High,Operations,Compliance,3.05,5.92,14,2,2,104.6,42.91,0,-13.4,1.14
PRJ-1635,2022-01-13,2022-04-08,85,2709180.49,3750314.6,38.43,17,Medium,Marketing,System Upgrade,4.71,4.73,16,2,2,87.98,41.1,0,-4.79,2.2
PRJ-1636,2021-09-04,2021-11-24,81,4348903.44,5879303.43,35.19,48,Low,Finance,Process Improvement,1.0,7.49,20,6,2,93.39,38.66,0,-10.66,1.09
PRJ-1637,2020-10-25,2020-12-14,50,4872723.4,5745659.96,17.91,18,Medium,Operations,Compliance,8.1,3.74,5,2,6,88.28,18.14,0,-21.11,3.49
PRJ-1638,2021-07-15,2022-05-12,301,133800.29,84824.36,-36.6,14,Medium,Finance,Cost Reduction,5.56,2.79,4,1,6,75.42,54.45,0,-22.75,2.03
PRJ-1639,2021-11-26,2021-12-28,32,3344504.12,4599904.93,37.54,9,High,Operations,Compliance,7.69,5.72,13,1,6,73.27,63.46,0,-11.9,1.85
PRJ-1640,2020-02-22,2020-11-14,266,3466543.34,3053055.23,-11.93,21,Medium,Marketing,Process Improvement,8.49,1.7,7,2,4,86.75,41.24,0,-6.44,1.59
PRJ-1641,2021-09-30,2022-02-05,128,1440640.32,1479826.73,2.72,16,Medium,IT,New Product Launch,3.21,4.86,1,2,4,74.07,29.24,0,-24.42,2.39
PRJ-1642,2020-11-22,2021-11-21,364,4618854.15,5858055.63,26.83,35,High,HR,Cost Reduction,3.65,3.8,13,3,2,97.35,27.52,0,-15.1,2.57
PRJ-1643,2020-11-17,2021-03-04,107,4636565.64,5023519.28,8.35,5,High,IT,New Product Launch,4.18,7.1,4,1,2,67.66,22.87,0,-20.54,2.56
PRJ-1644,2021-08-19,2022-08-02,348,4368427.9,3851350.57,-11.84,40,Medium,Finance,System Upgrade,4.23,1.9,12,2,3,100.05,48.15,1,13.34,2.78
PRJ-1645,2022-06-27,2023-03-01,247,4266605.41,4101469.35,-3.87,15,Medium,Finance,New Product Launch,7.15,6.74,11,2,7,74.09,56.69,1,29.58,2.67
PRJ-1646,2020-08-01,2021-03-29,240,2544630.61,3231621.47,27.0,35,Medium,HR,Compliance,4.81,6.67,17,1,4,90.31,42.47,1,24.5,3.96
PRJ-1647,2021-12-31,2022-06-17,168,4598321.64,3628729.96,-21.09,41,High,HR,System Upgrade,4.61,5.58,17,3,1,98.58,54.67,0,-10.11,1.04
PRJ-1648,2022-05-17,2022-08-09,84,3890514.12,5388857.16,38.51,45,High,HR,Cost Reduction,4.61,7.19,2,1,2,83.54,49.61,0,-16.54,1.74
PRJ-1649,2020-12-24,2021-06-09,167,263954.6,281394.73,6.61,26,Medium,Finance,Compliance,5.37,6.96,8,1,3,67.9,60.11,0,-16.95,2.76
PRJ-1650,2020-12-12,2021-03-12,90,1552246.83,2223312.63,43.23,24,Medium,IT,Process Improvement,6.33,3.62,3,3,6,84.47,54.27,0,-21.56,1.68
PRJ-1651,2022-10-30,2023-10-27,362,226588.36,210197.27,-7.23,6,Low,Operations,System Upgrade,1.01,3.39,17,2,5,98.2,31.54,1,29.6,3.27
PRJ-1652,2020-12-29,2021-08-04,218,643426.15,539971.0,-16.08,14,Medium,Finance,Compliance,6.45,5.69,15,3,7,78.53,54.62,1,13.21,2.66
PRJ-1653,2021-04-23,2022-01-20,272,587349.02,730937.16,24.45,41,Low,Marketing,Process Improvement,5.47,4.8,16,2,3,76.13,38.93,0,-13.74,1.73
PRJ-1654,2020-05-03,2021-03-05,306,1455391.13,1294372.49,-11.06,27,Medium,Operations,Compliance,3.36,5.31,13,1,3,94.5,9.47,0,-18.17,2.75
PRJ-1655,2021-10-27,2022-07-24,270,2656252.3,3261486.52,22.79,18,High,IT,Process Improvement,3.95,2.1,12,3,0,80.94,22.6,0,-7.09,2.35
PRJ-1656,2020-01-08,2020-09-05,241,2316177.57,2976202.04,28.5,49,Medium,Operations,Compliance,1.24,7.77,1,2,3,80.91,33.71,0,-20.38,2.44
PRJ-1657,2021-03-09,2021-11-12,248,4010783.27,4381962.11,9.25,5,Medium,HR,Compliance,4.99,2.82,20,3,2,68.9,52.08,1,18.5,1.69
PRJ-1658,2021-06-05,2022-02-17,257,1511022.39,1125407.23,-25.52,45,High,HR,System Upgrade,7.82,8.36,1,3,8,61.56,65.11,0,-12.74,1.0
PRJ-1659,2020-02-17,2020-09-19,215,1709156.49,2013691.45,17.82,18,High,HR,System Upgrade,5.69,4.33,19,0,5,85.37,37.66,1,22.7,2.83
PRJ-1660,2022-04-20,2022-06-21,62,2357266.9,3005855.33,27.51,18,Medium,HR,Compliance,3.52,4.55,12,1,0,67.7,32.7,1,11.06,3.04
PRJ-1661,2022-11-27,2023-10-20,327,3364822.75,4960716.51,47.43,44,Medium,HR,System Upgrade,4.59,6.44,6,1,8,76.16,51.26,0,-18.17,1.29
PRJ-1662,2020-04-26,2021-04-25,364,250571.65,311780.79,24.43,39,Medium,IT,System Upgrade,5.89,7.2,16,4,4,95.28,41.48,0,-10.73,1.74
PRJ-1663,2020-10-15,2021-04-17,184,2519986.96,3399276.71,34.89,48,Medium,IT,Cost Reduction,6.69,3.2,11,1,6,80.69,20.1,0,-5.6,1.94
PRJ-1664,2020-08-13,2021-07-03,324,860362.78,941966.99,9.48,16,Medium,IT,Compliance,3.84,5.47,13,2,1,85.57,38.86,0,-14.63,1.0
PRJ-1665,2020-11-25,2021-03-01,96,105543.41,99362.81,-5.86,29,Medium,HR,Compliance,1.96,5.77,17,1,2,85.01,29.09,0,-20.68,2.98
PRJ-1666,2020-05-23,2021-04-20,332,4856154.4,6373556.41,31.25,18,High,IT,Compliance,1.84,6.09,10,1,4,98.28,34.54,1,21.75,3.58
PRJ-1667,2022-04-10,2022-09-06,149,4600422.2,5115749.44,11.2,5,Medium,HR,Compliance,2.23,4.99,20,2,1,85.52,31.37,1,29.52,3.61
PRJ-1668,2022-11-12,2023-01-29,78,2419575.89,2255839.8,-6.77,27,Medium,Operations,Process Improvement,3.22,7.67,12,1,2,71.29,42.32,0,-11.22,2.17
PRJ-1669,2020-02-16,2020-06-10,115,4654615.25,6599226.52,41.78,11,Low,Marketing,New Product Launch,2.15,4.58,16,2,2,93.16,40.25,1,17.29,3.89
PRJ-1670,2022-12-24,2023-08-12,231,3882076.12,2632526.31,-32.19,31,Medium,IT,Process Improvement,4.46,1.99,7,1,2,86.46,28.66,0,-21.23,2.22
PRJ-1671,2020-12-09,2021-06-18,191,2899106.77,3199551.03,10.36,10,High,Finance,Cost Reduction,3.71,4.95,18,2,2,80.38,24.37,1,27.03,3.41
PRJ-1672,2021-05-09,2022-02-11,278,3318912.88,3256095.92,-1.89,46,High,Marketing,Cost Reduction,3.73,6.19,2,2,1,67.63,59.59,0,-11.96,1.76
PRJ-1673,2021-05-12,2021-08-06,86,2873726.19,3008907.94,4.7,31,Medium,HR,Cost Reduction,4.23,6.51,3,2,7,84.69,68.2,0,-25.72,1.41
PRJ-1674,2022-03-20,2022-12-02,257,2054322.66,1706180.13,-16.95,49,Low,IT,Process Improvement,6.21,8.72,6,1,3,99.04,50.03,0,-15.55,1.57
PRJ-1675,2020-07-11,2021-01-29,202,592643.68,461605.2,-22.11,10,Medium,HR,System Upgrade,4.16,8.49,20,2,4,79.17,59.61,1,26.68,3.1
PRJ-1676,2022-08-12,2022-12-02,112,68051.18,82121.13,20.68,15,Low,Operations,Compliance,6.56,5.59,17,2,7,83.04,49.6,0,-13.5,1.53
PRJ-1677,2022-06-09,2022-12-26,200,4693060.73,4836085.8,3.05,11,Medium,Marketing,Cost Reduction,5.74,10.0,20,0,6,102.85,57.03,0,-12.95,1.48
PRJ-1678,2022-05-08,2023-02-25,293,2400895.35,3178193.03,32.38,47,Low,Finance,Compliance,8.87,3.45,13,1,7,97.13,55.07,0,-19.94,2.29
PRJ-1679,2020-01-17,2020-08-16,212,1498352.4,1538447.51,2.68,26,Medium,Finance,Compliance,7.48,7.08,6,1,5,91.61,63.0,0,-11.04,1.32
PRJ-1680,2020-11-30,2021-10-08,312,3621494.62,4577735.62,26.4,18,Medium,Marketing,System Upgrade,3.7,5.64,8,3,4,83.9,53.71,1,21.67,2.56
PRJ-1681,2020-10-27,2021-02-21,117,3061073.19,2649443.68,-13.45,6,Medium,Marketing,System Upgrade,5.58,6.02,18,2,4,89.91,54.86,1,11.31,3.18
PRJ-1682,2022-04-12,2022-09-20,161,1267389.21,1501270.31,18.45,33,Medium,Marketing,Cost Reduction,5.65,4.98,13,1,4,94.36,47.63,0,-22.96,1.2
PRJ-1683,2020-09-06,2021-07-19,316,4261986.29,4008730.96,-5.94,26,Medium,Finance,Compliance,4.69,6.27,12,2,5,85.93,43.39,0,-6.46,1.89
PRJ-1684,2020-05-15,2021-03-22,311,412916.44,269306.66,-34.78,31,Low,Finance,System Upgrade,5.06,4.81,2,3,6,63.17,34.54,0,-16.08,1.85
PRJ-1685,2021-04-10,2021-06-27,78,1272758.26,1268546.11,-0.33,30,High,HR,Cost Reduction,6.52,6.34,6,1,4,78.21,37.19,0,-22.0,1.65
PRJ-1686,2021-07-20,2022-06-05,320,4945774.8,5162292.13,4.38,6,Low,Operations,System Upgrade,4.87,4.17,9,3,3,84.17,38.62,0,-20.5,1.81
PRJ-1687,2021-02-13,2021-07-13,150,3811399.58,3833526.04,0.58,4,Low,Marketing,System Upgrade,5.45,5.87,2,2,6,85.2,56.37,0,-19.13,2.25
PRJ-1688,2022-11-21,2022-12-26,35,4253749.7,3403032.21,-20.0,15,High,IT,System Upgrade,3.58,1.44,7,2,5,91.15,42.99,1,34.38,2.9
PRJ-1689,2020-01-31,2021-01-14,349,1149222.61,1200135.68,4.43,4,Low,Finance,Cost Reduction,6.72,4.16,19,1,9,98.37,45.5,0,-5.92,2.42
PRJ-1690,2022-03-12,2022-06-03,83,1090416.26,1093497.46,0.28,30,High,HR,System Upgrade,7.1,6.28,4,3,6,90.35,75.42,0,-10.49,1.86
PRJ-1691,2022-10-21,2023-01-23,94,3820974.83,4509767.41,18.03,27,Low,Finance,Process Improvement,4.12,7.28,8,0,2,90.02,26.21,1,9.13,3.29
PRJ-1692,2022-03-20,2022-05-09,50,1845638.05,1662314.67,-9.93,20,High,HR,Process Improvement,4.12,5.7,10,3,3,93.87,68.13,0,-3.93,1.0
PRJ-1693,2022-05-21,2022-07-19,59,4251503.51,4683104.83,10.15,12,High,HR,Process Improvement,2.23,3.95,4,3,2,92.41,19.16,1,26.22,3.67
PRJ-1694,2021-02-11,2021-11-14,276,4871053.53,4157942.91,-14.64,45,Medium,IT,New Product Launch,4.75,8.88,1,0,5,75.58,57.28,0,-14.3,1.88
PRJ-1695,2020-03-22,2020-05-27,66,3543153.85,4009347.19,13.16,49,Medium,Operations,New Product Launch,1.41,3.9,6,3,1,72.37,31.11,0,-11.69,2.78
PRJ-1696,2021-11-28,2022-03-09,101,4127462.91,5709176.89,38.32,38,Medium,Marketing,New Product Launch,6.3,4.69,12,3,4,71.8,58.23,1,23.0,2.53
PRJ-1697,2022-02-06,2022-07-10,154,3862052.68,3320952.91,-14.01,17,Low,Marketing,Cost Reduction,5.32,2.96,15,0,5,57.17,34.6,1,21.0,3.68
PRJ-1698,2021-09-23,2021-10-27,34,1830201.88,1994208.8,8.96,24,Medium,Operations,Cost Reduction,1.0,5.77,19,5,2,83.66,41.65,0,-11.01,2.23
PRJ-1699,2020-08-01,2020-11-24,115,1904573.43,2246516.24,17.95,17,Medium,Finance,System Upgrade,7.42,7.19,10,3,8,95.18,44.68,0,-12.55,1.86
PRJ-1700,2020-01-25,2020-10-04,253,4664527.11,5763456.71,23.56,7,High,IT,New Product Launch,3.25,2.39,13,5,4,86.29,39.21,1,22.58,3.32
PRJ-1701,2020-08-13,2021-06-03,294,1600956.6,1293615.84,-19.2,32,Medium,Marketing,Compliance,2.3,8.1,9,2,2,92.18,42.03,0,-18.12,1.66
PRJ-1702,2020-02-19,2020-04-14,55,113450.75,105248.85,-7.23,10,Medium,IT,Process Improvement,3.23,4.62,11,0,6,87.91,29.38,0,-13.71,2.87
PRJ-1703,2021-03-22,2021-06-27,97,1757852.3,2139074.29,21.69,19,Medium,Marketing,New Product Launch,8.28,4.56,20,1,2,85.19,62.89,1,19.04,2.52
PRJ-1704,2022-11-19,2023-04-10,142,4294887.98,4441492.95,3.41,4,Low,Operations,Cost Reduction,4.96,6.88,16,1,4,81.92,42.84,0,-16.13,2.37
PRJ-1705,2021-11-26,2022-02-22,88,4372138.47,6713307.91,53.55,4,High,Finance,New Product Launch,1.84,5.66,11,1,2,81.8,16.11,0,-4.39,2.56
PRJ-1706,2020-08-31,2021-04-03,215,2296497.51,2080869.08,-9.39,19,High,HR,Compliance,3.75,4.41,13,2,7,91.66,28.46,0,-9.28,2.26
PRJ-1707,2022-07-28,2023-05-10,286,2062843.53,1865880.94,-9.55,7,High,Finance,System Upgrade,6.76,6.24,13,3,4,79.14,61.3,1,33.23,2.79
PRJ-1708,2020-08-17,2020-11-29,104,1951034.54,2067468.15,5.97,7,Medium,HR,Compliance,9.92,7.29,20,0,11,92.91,72.44,0,-9.61,1.68
PRJ-1709,2020-08-05,2021-03-09,216,1802160.15,2308468.66,28.09,40,Medium,Marketing,Compliance,4.84,3.95,10,2,2,90.06,41.37,0,-13.05,2.02
PRJ-1710,2021-08-06,2022-07-14,342,1515779.8,1487721.34,-1.85,13,Medium,Marketing,New Product Launch,6.34,4.63,13,4,5,99.02,58.89,0,-21.41,1.0
PRJ-1711,2022-08-30,2023-06-23,297,2635035.01,2279455.22,-13.49,18,Medium,Operations,System Upgrade,3.6,5.64,4,2,6,100.74,35.93,0,-18.68,3.16
PRJ-1712,2020-11-01,2021-02-25,116,502511.92,490144.23,-2.46,44,Medium,IT,System Upgrade,2.83,7.38,9,0,3,71.03,41.08,1,7.91,3.14
PRJ-1713,2022-09-23,2023-06-05,255,4260084.44,3989462.74,-6.35,48,Medium,HR,Process Improvement,8.84,5.1,7,4,3,90.54,78.53,0,-13.95,1.11
PRJ-1714,2020-05-29,2020-10-27,151,4818797.22,5314062.11,10.28,19,High,Operations,Cost Reduction,2.09,3.82,10,2,1,79.53,7.39,1,24.35,4.49
PRJ-1715,2020-11-27,2021-11-14,352,1781553.31,1987367.69,11.55,48,Medium,IT,Cost Reduction,4.39,10.0,17,2,2,83.97,61.52,1,29.89,2.6
PRJ-1716,2020-11-15,2021-03-15,120,1485293.69,1552542.45,4.53,19,Medium,Marketing,Process Improvement,7.43,7.09,20,1,2,87.78,66.52,1,20.92,2.71
PRJ-1717,2020-08-14,2021-04-28,257,200067.19,210672.11,5.3,5,Medium,Marketing,New Product Launch,2.52,6.31,2,4,5,83.54,39.07,0,-10.03,2.13
PRJ-1718,2021-03-27,2022-01-24,303,1380930.5,1226385.77,-11.19,22,High,Marketing,Cost Reduction,2.96,3.42,17,3,5,98.89,33.48,0,-11.92,1.81
PRJ-1719,2021-07-13,2021-08-26,44,4017192.49,6179184.4,53.82,36,Medium,Finance,System Upgrade,4.71,5.53,6,3,5,85.26,60.43,0,-9.98,1.64
PRJ-1720,2020-02-24,2020-11-25,275,1185533.1,1374314.16,15.92,44,Medium,HR,New Product Launch,3.76,5.28,2,2,2,97.57,40.77,0,-12.55,1.95
PRJ-1721,2021-09-04,2022-07-09,308,4864318.21,6748605.93,38.74,47,High,Finance,Process Improvement,4.66,8.54,6,2,7,98.1,61.54,0,-8.17,1.0
PRJ-1722,2021-09-13,2022-04-10,209,1606329.63,1311785.71,-18.34,9,High,IT,Cost Reduction,1.0,4.06,14,2,3,73.97,12.1,1,15.47,4.69
PRJ-1723,2020-11-11,2021-03-20,129,2707694.64,3047903.63,12.56,30,Medium,Operations,Compliance,2.96,4.01,8,0,5,80.26,24.99,0,-17.33,2.78
PRJ-1724,2020-05-05,2021-02-10,281,4753111.1,4250311.85,-10.58,30,Low,Finance,New Product Launch,4.74,9.39,4,3,3,97.02,50.81,1,11.67,2.92
PRJ-1725,2020-02-27,2020-11-09,256,3509161.88,4396671.34,25.29,27,Medium,Finance,System Upgrade,3.91,6.65,7,3,3,77.52,46.51,0,-8.65,1.91
PRJ-1726,2021-11-27,2022-05-03,157,2191443.92,1974822.59,-9.88,14,Medium,Marketing,Process Improvement,3.35,8.04,16,3,3,89.38,52.17,1,16.85,3.14
PRJ-1727,2021-05-23,2021-07-19,57,827441.48,838731.21,1.36,49,Medium,Operations,Compliance,4.56,1.59,3,0,1,86.32,31.21,1,1.94,3.22
PRJ-1728,2020-09-02,2021-02-17,168,3121316.47,3429381.28,9.87,36,Medium,HR,Cost Reduction,5.37,3.92,12,3,2,101.31,43.05,0,-4.44,1.72
PRJ-1729,2021-03-30,2021-05-25,56,4865423.66,3782455.72,-22.26,16,Medium,Marketing,Process Improvement,4.3,1.0,1,0,2,88.58,23.34,0,-18.84,2.57
PRJ-1730,2022-11-28,2023-10-13,319,3122505.72,3275365.72,4.9,6,Medium,HR,New Product Launch,3.34,6.55,13,1,5,93.57,38.48,0,-14.4,2.12
PRJ-1731,2022-03-29,2023-01-22,299,1628326.16,2135809.7,31.17,18,Medium,HR,System Upgrade,3.83,7.35,2,2,4,110.42,30.09,0,-23.1,1.69
PRJ-1732,2021-03-11,2021-09-07,180,1102756.73,1477120.81,33.95,8,High,HR,New Product Launch,9.74,4.75,7,0,8,94.76,77.62,0,-8.84,1.3
PRJ-1733,2022-12-29,2023-10-27,302,3957148.9,4921106.87,24.36,10,High,HR,Compliance,7.55,5.87,5,2,6,85.62,62.74,0,-21.7,1.61
PRJ-1734,2022-11-21,2023-07-04,225,2887952.38,3507193.39,21.44,43,High,HR,Process Improvement,5.28,6.82,8,0,1,71.68,38.28,0,-15.86,2.04
PRJ-1735,2022-10-05,2023-03-03,149,2213539.85,2414208.85,9.07,46,High,HR,Cost Reduction,8.27,9.38,14,1,5,86.62,80.0,0,-19.32,1.25
PRJ-1736,2022-08-15,2023-07-14,333,3399087.68,4465937.93,31.39,5,High,Marketing,Compliance,5.21,4.82,19,4,1,90.51,51.29,1,22.87,2.83
PRJ-1737,2021-03-10,2021-11-21,256,222586.24,224693.98,0.95,36,Medium,HR,Cost Reduction,6.06,6.42,19,2,4,88.37,48.48,0,-8.42,2.31
PRJ-1738,2022-03-14,2022-04-23,40,2839580.33,2790252.17,-1.74,32,Low,Operations,Process Improvement,7.09,2.24,15,2,1,91.25,44.65,1,9.11,2.59
PRJ-1739,2020-12-23,2021-08-22,242,229552.51,190989.71,-16.8,32,Medium,Operations,Compliance,1.0,5.8,15,2,1,77.02,32.13,1,27.96,3.32
PRJ-1740,2022-05-05,2022-11-03,182,4856371.09,4589592.38,-5.49,29,High,Operations,System Upgrade,6.52,6.02,7,1,8,84.26,45.87,0,-20.02,2.28
PRJ-1741,2022-03-14,2022-08-13,152,2313440.98,2030966.45,-12.21,31,Medium,Operations,System Upgrade,1.83,3.6,20,0,3,76.93,17.57,1,11.77,4.52
PRJ-1742,2020-05-20,2020-08-15,87,1918364.06,1701181.85,-11.32,28,Low,Marketing,Compliance,6.57,4.68,3,1,8,95.53,67.06,0,-11.04,1.91
PRJ-1743,2022-12-02,2023-09-04,276,2807183.76,3598110.5,28.18,12,High,Operations,System Upgrade,5.14,3.36,14,1,1,91.05,43.09,1,24.38,2.63
PRJ-1744,2021-11-24,2022-10-14,324,2849885.58,3459113.64,21.38,6,Medium,HR,New Product Launch,6.58,9.36,18,2,7,84.87,69.38,1,0.82,2.33
PRJ-1745,2020-01-30,2020-05-14,105,3977930.26,3144149.33,-20.96,22,Low,IT,Cost Reduction,9.72,5.07,7,4,9,91.29,55.55,0,-14.87,2.26
PRJ-1746,2020-12-08,2021-03-09,91,2518191.09,3070851.61,21.95,5,High,Operations,Process Improvement,5.46,3.23,2,3,4,87.88,34.86,0,-17.7,2.5
PRJ-1747,2022-02-18,2022-11-15,270,3002064.26,3547019.19,18.15,11,Medium,Operations,System Upgrade,8.6,3.9,1,2,8,84.04,75.6,0,-22.16,1.0
PRJ-1748,2020-12-31,2021-05-12,132,3215724.74,2858589.04,-11.11,24,Low,Operations,Cost Reduction,4.33,3.24,6,1,3,80.97,24.14,1,17.19,3.02
PRJ-1749,2021-10-18,2022-05-12,206,3211195.73,3361428.23,4.68,26,Low,Operations,Cost Reduction,5.93,2.26,18,0,5,68.82,34.63,0,-11.72,2.01
PRJ-1750,2021-03-14,2021-09-06,176,4926374.81,6462365.4,31.18,20,High,HR,Process Improvement,2.31,3.88,19,2,1,76.2,9.76,0,-13.35,2.99
PRJ-1751,2021-06-27,2021-10-30,125,2222296.66,2059891.36,-7.31,26,Medium,Finance,New Product Launch,9.09,4.69,18,2,5,60.07,72.24,1,18.72,2.59
PRJ-1752,2021-03-20,2021-06-10,82,1524700.01,1609829.33,5.58,11,High,HR,Cost Reduction,9.48,4.88,8,2,6,77.5,59.7,0,-15.14,1.94
PRJ-1753,2020-08-01,2020-11-22,113,785987.74,1046528.99,33.15,35,Medium,Marketing,New Product Launch,7.63,4.39,8,1,1,88.6,66.13,0,-11.86,1.62
PRJ-1754,2022-09-18,2023-08-27,343,429860.59,587677.82,36.71,17,Medium,Finance,Cost Reduction,6.91,3.2,9,0,5,90.33,37.29,0,-13.93,2.15
PRJ-1755,2022-12-30,2023-04-22,113,966620.9,1031945.14,6.76,12,Medium,HR,Cost Reduction,6.21,3.38,18,2,6,90.79,30.77,1,17.09,3.47
PRJ-1756,2021-03-08,2021-11-01,238,4292069.84,2574267.41,-40.02,20,Medium,Marketing,Process Improvement,7.35,1.0,13,2,6,90.69,50.5,1,36.46,3.32
PRJ-1757,2020-05-11,2020-08-31,112,313112.72,370961.48,18.48,3,Medium,Marketing,System Upgrade,4.8,3.05,12,1,7,84.3,35.9,1,23.85,3.17
PRJ-1758,2022-01-12,2022-10-29,290,4210973.08,4354473.41,3.41,39,High,IT,New Product Launch,4.45,5.93,3,1,1,90.68,35.05,0,-12.21,1.91
PRJ-1759,2022-05-06,2023-04-23,352,1876126.15,1942962.57,3.56,19,Low,Operations,Compliance,7.29,5.75,6,2,5,92.75,77.89,0,-13.08,1.52
PRJ-1760,2021-03-12,2021-09-22,194,2305746.11,2263597.69,-1.83,12,Medium,IT,Process Improvement,4.94,7.64,6,1,3,84.53,59.46,0,-17.06,1.82
PRJ-1761,2022-05-25,2022-12-06,195,263250.8,278114.06,5.65,12,High,IT,Compliance,1.0,3.95,1,2,1,92.63,31.93,0,-13.21,2.71
PRJ-1762,2021-06-25,2021-10-24,121,4359474.17,4512272.92,3.5,5,High,HR,New Product Launch,2.01,8.11,5,5,1,85.4,46.31,0,-15.64,1.64
PRJ-1763,2020-01-12,2020-09-29,261,2602189.34,2936935.38,12.86,38,High,IT,Cost Reduction,7.63,3.86,8,1,4,83.91,64.13,0,-10.57,1.25
PRJ-1764,2020-11-17,2021-07-22,247,4507006.33,3882203.39,-13.86,41,Medium,HR,Process Improvement,3.84,4.25,6,1,3,76.39,55.16,0,-17.88,1.0
PRJ-1765,2022-05-14,2022-10-24,163,164293.63,153473.98,-6.59,40,Medium,IT,Process Improvement,6.88,6.91,16,4,4,92.84,71.75,1,27.8,2.96
PRJ-1766,2021-03-05,2021-07-15,132,4089821.59,4985825.07,21.91,37,Medium,Finance,Process Improvement,6.07,2.31,17,2,2,90.75,22.75,0,-2.24,2.04
PRJ-1767,2020-02-12,2021-01-09,332,1249869.49,1228659.02,-1.7,31,Low,HR,System Upgrade,7.36,4.92,6,3,7,84.48,63.36,0,-17.76,1.93
PRJ-1768,2020-05-05,2021-02-26,297,854271.81,877960.01,2.77,7,Medium,Finance,Process Improvement,4.58,9.06,9,2,4,78.28,67.8,0,-17.78,1.44
PRJ-1769,2022-10-13,2023-01-07,86,3951615.3,3934931.82,-0.42,15,Medium,Marketing,Compliance,1.0,6.86,14,3,2,89.82,38.27,1,9.26,4.27
PRJ-1770,2020-11-07,2021-02-08,93,2780076.73,2495404.3,-10.24,49,High,Finance,System Upgrade,8.28,6.95,13,1,7,88.8,62.3,0,-14.72,2.0
PRJ-1771,2020-09-06,2021-01-20,136,2690862.93,3228784.93,19.99,8,High,HR,Process Improvement,5.13,5.2,9,4,4,83.48,43.59,1,32.0,2.72
PRJ-1772,2022-07-09,2023-02-05,211,2169469.65,1788092.83,-17.58,24,Medium,Operations,Compliance,9.79,5.1,6,2,6,82.82,56.32,0,-16.17,1.12
PRJ-1773,2021-01-15,2021-06-29,165,2882081.85,3007577.09,4.35,21,Medium,Finance,Cost Reduction,7.24,6.47,20,4,6,86.92,79.54,0,-11.81,1.0
PRJ-1774,2020-04-26,2021-02-28,308,429184.4,448425.75,4.48,38,Medium,Finance,Cost Reduction,4.62,3.37,9,2,1,84.4,38.21,0,-12.36,1.37
PRJ-1775,2022-09-26,2023-07-01,278,4007823.57,4340965.98,8.31,26,Medium,Finance,Cost Reduction,5.47,3.75,20,4,1,102.18,50.01,1,29.45,3.26
PRJ-1776,2022-09-10,2022-10-21,41,2574986.75,2709522.45,5.22,25,High,HR,Cost Reduction,4.8,5.34,5,2,8,84.4,43.61,0,-17.67,1.96
PRJ-1777,2021-02-26,2021-04-15,48,4183225.36,4540879.76,8.55,24,High,Marketing,System Upgrade,5.97,6.59,4,2,9,89.59,62.71,1,29.48,2.98
PRJ-1778,2020-06-28,2020-12-01,156,3353623.19,3399630.85,1.37,31,Low,Marketing,Cost Reduction,6.9,3.38,4,5,9,89.13,48.99,0,-14.09,2.5
PRJ-1779,2021-05-02,2021-10-12,163,1969526.63,1930688.46,-1.97,15,Low,HR,Cost Reduction,7.47,4.1,16,0,3,74.33,52.03,0,-2.64,1.24
PRJ-1780,2020-03-27,2020-10-10,197,839327.48,736229.18,-12.28,21,Low,HR,Compliance,5.03,7.75,7,7,7,83.24,39.39,1,28.1,2.57
PRJ-1781,2021-06-30,2022-05-19,323,1740678.6,1969243.73,13.13,10,High,Marketing,System Upgrade,9.76,4.85,9,3,7,95.57,62.4,0,-10.53,1.75
PRJ-1782,2020-04-06,2020-07-26,111,4820706.73,4969155.86,3.08,37,High,IT,Cost Reduction,5.73,7.06,17,3,6,73.99,57.03,1,24.35,2.89
PRJ-1783,2022-07-21,2022-09-27,68,1871598.32,1490757.68,-20.35,33,Low,IT,Compliance,6.03,3.51,15,4,5,92.25,30.55,0,-4.48,2.12
PRJ-1784,2022-05-17,2022-08-04,79,316887.58,445099.28,40.46,15,Medium,Marketing,New Product Launch,6.38,5.5,12,2,7,73.97,55.48,0,-13.77,1.47
PRJ-1785,2020-03-11,2020-05-10,60,3896860.66,3432383.68,-11.92,4,High,HR,Compliance,6.94,2.45,19,1,5,93.12,48.19,1,34.06,2.87
PRJ-1786,2021-02-11,2021-04-14,62,447110.24,476353.76,6.54,13,High,IT,Process Improvement,6.39,2.92,2,0,5,86.7,31.82,0,-5.45,2.17
PRJ-1787,2022-03-16,2022-06-19,95,494605.8,497091.16,0.5,38,Low,HR,Compliance,4.66,5.3,17,1,3,93.33,62.21,1,5.46,3.09
PRJ-1788,2022-10-30,2023-02-02,95,4447193.54,6192576.76,39.25,36,High,Marketing,System Upgrade,5.21,6.92,18,3,6,81.35,44.22,1,12.36,3.17
PRJ-1789,2020-07-22,2020-12-15,146,2768423.87,2528099.19,-8.68,40,Medium,IT,Process Improvement,1.04,2.59,11,2,2,90.83,23.74,1,28.71,3.83
PRJ-1790,2021-02-09,2021-06-26,137,1369011.36,1585052.71,15.78,47,Low,IT,Cost Reduction,4.36,4.0,3,1,2,64.68,27.87,0,-13.14,2.26
PRJ-1791,2022-04-18,2022-09-16,151,3256391.02,3681195.27,13.05,38,Low,HR,Process Improvement,3.12,5.7,12,3,2,62.43,45.09,1,24.01,3.01
PRJ-1792,2022-12-13,2023-03-11,88,867486.12,736783.02,-15.07,21,Medium,Marketing,Compliance,4.78,3.27,20,1,4,74.06,31.27,0,-8.33,2.24
PRJ-1793,2020-08-17,2021-01-11,147,1094036.95,1173413.87,7.26,19,Medium,Finance,Cost Reduction,6.69,8.01,12,1,6,92.75,68.09,0,-7.3,1.0
PRJ-1794,2022-08-17,2023-07-27,344,2156018.75,2612465.49,21.17,13,Medium,Finance,System Upgrade,3.08,5.03,13,1,3,94.42,30.37,0,-14.37,2.26
PRJ-1795,2022-09-30,2022-11-18,49,1933297.9,742578.26,-61.59,31,High,HR,Cost Reduction,4.33,3.07,18,2,5,84.32,37.26,1,17.48,2.16
PRJ-1796,2022-04-06,2022-06-19,74,3312346.26,3082913.94,-6.93,47,Medium,Operations,System Upgrade,6.85,4.49,13,1,5,100.12,53.6,0,-20.47,2.69
PRJ-1797,2020-07-09,2020-08-24,46,4908694.47,3902452.23,-20.5,48,Low,Finance,System Upgrade,4.65,3.38,13,4,3,91.65,46.03,0,-11.59,1.83
PRJ-1798,2022-03-11,2022-04-28,48,2619027.51,2592390.56,-1.02,24,Medium,HR,Process Improvement,5.23,4.42,20,2,4,74.29,61.42,0,-15.7,1.39
PRJ-1799,2022-10-30,2023-01-06,68,2556512.96,2751195.54,7.62,48,Medium,IT,System Upgrade,6.37,4.5,19,0,6,93.28,53.39,1,12.07,3.14
PRJ-1800,2020-04-18,2020-09-20,155,203355.72,214202.29,5.33,5,Medium,HR,Compliance,1.4,2.79,9,3,0,83.77,3.93,1,17.1,3.79
PRJ-1801,2021-12-19,2022-04-26,128,1861064.93,1690691.18,-9.15,9,Medium,Finance,Process Improvement,1.11,6.06,8,0,0,74.29,33.41,0,-20.55,2.39
PRJ-1802,2021-09-15,2022-06-10,268,3181939.87,3114179.2,-2.13,49,High,Marketing,Cost Reduction,5.72,8.06,11,1,7,104.1,44.8,0,-5.84,1.74
PRJ-1803,2020-03-27,2020-05-03,37,4879104.34,5435397.92,11.4,17,Medium,Marketing,Cost Reduction,3.71,1.25,19,4,4,68.54,29.66,1,20.55,2.8
PRJ-1804,2021-04-21,2022-01-21,275,3672192.38,3665151.82,-0.19,21,Medium,Finance,System Upgrade,2.47,5.97,15,1,2,91.32,33.09,0,-16.4,2.47
PRJ-1805,2021-05-19,2021-10-05,139,4956769.17,4636415.82,-6.46,14,Medium,Operations,Cost Reduction,2.49,6.83,6,0,6,94.39,24.12,1,28.84,3.49
PRJ-1806,2020-12-30,2021-06-04,156,59955.76,44397.51,-25.95,19,Medium,Finance,Process Improvement,5.65,7.0,1,0,9,80.97,52.22,0,-3.87,1.89
PRJ-1807,2021-05-19,2021-11-22,187,4245283.42,4301112.31,1.32,38,High,HR,Cost Reduction,3.13,9.18,17,3,6,74.31,44.8,1,20.54,2.69
PRJ-1808,2020-07-25,2021-02-19,209,4294320.86,5841132.11,36.02,31,High,HR,New Product Launch,5.26,8.54,13,1,11,94.61,45.97,1,33.2,3.13
PRJ-1809,2022-08-28,2023-08-05,342,3729638.19,4897829.02,31.32,44,Medium,IT,New Product Launch,7.61,4.56,8,6,9,92.36,58.0,1,31.71,3.03
PRJ-1810,2020-05-05,2020-08-10,97,2487589.19,2507055.69,0.78,24,Medium,Operations,Process Improvement,4.27,5.5,12,2,9,83.59,42.94,1,16.77,3.42
PRJ-1811,2021-01-29,2021-12-20,325,4771817.18,4886462.34,2.4,47,Low,Marketing,New Product Launch,3.98,2.76,17,6,2,79.59,44.7,1,13.46,1.81
PRJ-1812,2021-12-02,2022-05-20,169,340212.07,388054.26,14.06,26,Medium,IT,Process Improvement,3.71,8.76,11,0,1,99.27,57.96,0,-23.29,2.72
PRJ-1813,2021-08-05,2022-06-04,303,4191750.96,3366967.12,-19.68,26,Medium,Finance,New Product Launch,3.9,3.55,10,0,5,91.73,35.6,1,28.14,3.46
PRJ-1814,2020-10-08,2021-06-11,246,2222241.85,2567830.74,15.55,44,Medium,HR,Cost Reduction,6.21,4.15,1,4,4,69.52,48.7,0,-13.31,1.61
PRJ-1815,2022-12-26,2023-09-28,276,3103406.76,4323119.0,39.3,39,Medium,IT,New Product Launch,5.01,4.65,16,2,3,78.62,45.84,0,-19.13,2.22
PRJ-1816,2020-10-18,2021-09-04,321,3239676.28,3091442.07,-4.58,8,Medium,Operations,New Product Launch,3.76,2.82,20,0,1,93.66,23.9,0,-11.23,2.15
PRJ-1817,2020-10-27,2021-10-26,364,169918.02,215092.53,26.59,23,High,Finance,Compliance,4.64,5.23,3,4,0,87.12,49.27,0,-6.16,1.03
PRJ-1818,2020-01-13,2020-06-01,140,666827.8,585493.15,-12.2,49,Low,IT,Compliance,4.92,5.13,5,0,3,94.47,27.35,0,-13.12,2.29
PRJ-1819,2021-09-28,2022-05-11,225,720044.19,979974.77,36.1,29,Low,Operations,Process Improvement,6.64,6.89,10,3,6,85.06,56.39,0,-14.77,1.0
PRJ-1820,2022-08-12,2022-11-29,109,3759626.55,3645848.0,-3.03,6,High,IT,Compliance,9.33,3.49,1,0,5,98.35,53.09,0,-17.21,2.04
PRJ-1821,2022-10-17,2022-12-24,68,390844.81,409886.71,4.87,44,High,Marketing,Compliance,5.54,3.61,16,0,6,78.85,41.27,0,-27.63,2.02
PRJ-1822,2020-03-19,2020-12-10,266,3292925.56,1931956.03,-41.33,7,Medium,Finance,System Upgrade,3.4,8.72,14,2,4,87.65,57.96,0,-7.51,1.0
PRJ-1823,2020-12-31,2021-04-14,104,1802946.65,2268707.89,25.83,48,Medium,IT,System Upgrade,3.71,3.93,7,2,2,87.29,21.43,1,30.7,4.16
PRJ-1824,2022-05-23,2023-05-14,356,1523435.78,1732635.32,13.73,39,Low,Operations,Compliance,5.48,5.05,12,1,7,92.03,50.65,0,-20.1,2.8
PRJ-1825,2022-10-19,2023-09-19,335,1517782.52,1652012.85,8.84,17,High,Marketing,System Upgrade,3.98,5.42,11,1,2,78.52,36.38,1,20.72,3.51
PRJ-1826,2022-05-03,2022-10-19,169,963214.99,1087349.1,12.89,15,Medium,IT,New Product Launch,1.0,5.72,11,3,2,102.8,23.19,0,-5.33,2.61
PRJ-1827,2022-11-20,2023-10-08,322,732497.19,846510.9,15.57,15,High,Operations,Cost Reduction,2.46,5.32,15,1,3,78.29,30.69,0,-15.92,2.47
PRJ-1828,2020-01-27,2020-03-02,35,2691265.25,2155652.66,-19.9,18,Medium,IT,New Product Launch,2.57,1.0,10,3,1,73.84,23.0,0,-13.65,2.09
PRJ-1829,2020-03-20,2021-02-14,331,4647184.78,5769492.23,24.15,21,Medium,IT,Cost Reduction,6.27,2.61,7,5,3,79.65,66.15,1,22.35,2.34
PRJ-1830,2020-06-01,2021-05-25,358,3432496.6,4929689.13,43.62,27,Low,Finance,Compliance,5.48,6.52,16,2,5,97.33,38.95,1,9.49,3.36
PRJ-1831,2022-10-13,2022-12-14,62,2136570.36,1699856.49,-20.44,46,Low,IT,Compliance,5.98,4.31,15,5,7,88.64,69.53,0,-8.39,1.29
PRJ-1832,2021-07-22,2022-04-28,280,1720866.62,1912959.51,11.16,44,Low,Marketing,Process Improvement,4.85,4.17,6,2,2,89.18,32.83,0,-10.22,2.28
PRJ-1833,2021-12-02,2022-10-13,315,3457348.34,4362923.44,26.19,41,Low,HR,Cost Reduction,4.12,7.33,1,2,4,66.95,49.46,0,-14.76,1.9
PRJ-1834,2022-08-03,2023-06-07,308,4228078.85,4846347.34,14.62,32,High,IT,System Upgrade,5.57,6.32,9,2,4,68.26,42.55,1,33.53,3.91
PRJ-1835,2020-04-22,2021-01-21,274,794301.26,864164.44,8.8,40,Low,HR,New Product Launch,4.62,5.07,14,4,4,98.49,50.82,1,19.22,2.05
PRJ-1836,2022-11-02,2023-01-28,87,1252006.24,943052.51,-24.68,33,High,Finance,New Product Launch,1.0,4.1,10,2,0,77.32,21.18,1,19.33,3.76
PRJ-1837,2022-07-01,2023-03-20,262,2244123.84,2133430.1,-4.93,44,Low,HR,Process Improvement,1.0,1.17,9,0,0,67.57,-13.25,0,-18.48,2.97
PRJ-1838,2021-08-14,2022-05-23,282,4638205.43,6922807.13,49.26,30,Medium,Operations,New Product Launch,5.11,4.21,7,3,3,69.98,51.46,1,36.6,2.92
PRJ-1839,2020-09-06,2020-11-14,69,3426309.38,3472626.65,1.35,41,High,HR,Process Improvement,7.1,5.66,1,3,3,79.83,56.28,0,-10.55,2.01
PRJ-1840,2022-10-08,2023-06-18,253,1200002.76,1271134.98,5.93,29,Medium,Operations,Compliance,2.34,4.4,16,2,2,98.45,16.61,1,37.35,3.63
PRJ-1841,2020-11-07,2021-04-10,154,3566798.2,4516940.0,26.64,44,Medium,Marketing,New Product Launch,5.78,8.49,1,5,9,85.95,72.17,0,-22.33,1.0
PRJ-1842,2020-06-11,2020-11-15,157,527586.0,454094.8,-13.93,14,Medium,Finance,New Product Launch,4.65,3.16,11,2,4,86.67,35.23,1,25.77,3.08
PRJ-1843,2020-04-20,2020-07-01,72,2008730.61,2187764.97,8.91,36,High,Marketing,New Product Launch,1.58,4.71,15,2,4,78.46,31.89,0,-9.05,1.86
PRJ-1844,2020-02-15,2020-04-08,53,2600712.42,2845347.54,9.41,26,Medium,HR,Compliance,4.23,3.05,15,2,1,96.61,31.35,1,9.87,3.84
PRJ-1845,2020-10-27,2021-09-08,316,3334318.22,4231205.85,26.9,34,Medium,Finance,New Product Launch,4.5,6.67,4,1,4,93.4,44.14,0,-17.46,1.78
PRJ-1846,2021-07-19,2021-10-26,99,4056748.02,3781555.23,-6.78,7,Medium,Operations,Cost Reduction,3.24,7.4,7,3,5,96.21,38.07,1,16.2,3.59
PRJ-1847,2022-01-07,2022-08-04,209,773518.5,837256.3,8.24,16,High,HR,Cost Reduction,1.06,2.47,7,2,0,76.06,31.19,1,22.38,2.65
PRJ-1848,2022-01-30,2023-01-02,337,2971172.0,3358511.1,13.04,16,Medium,HR,Cost Reduction,1.95,2.97,4,2,3,78.47,29.58,1,5.0,1.85
PRJ-1849,2021-11-01,2022-03-09,128,3160030.52,3454225.24,9.31,38,High,HR,System Upgrade,4.79,3.96,14,2,2,67.64,46.81,1,6.3,3.49
PRJ-1850,2021-06-18,2021-11-06,141,4154691.62,5718133.16,37.63,30,Medium,IT,New Product Launch,7.95,4.81,13,1,3,74.57,38.63,0,-12.05,2.59
PRJ-1851,2020-07-21,2020-09-29,70,312710.27,262092.44,-16.19,16,High,Operations,Process Improvement,7.84,4.65,17,1,6,77.46,53.34,1,22.67,2.9
PRJ-1852,2020-11-27,2021-04-26,150,1589549.73,1207356.3,-24.04,23,Medium,Finance,System Upgrade,2.87,4.39,18,1,2,90.85,26.89,1,31.12,3.7
PRJ-1853,2021-11-17,2021-12-18,31,3444107.98,3442237.18,-0.05,44,High,IT,System Upgrade,3.08,9.42,15,2,6,109.61,53.99,1,22.23,3.43
PRJ-1854,2022-09-07,2023-03-20,194,4735216.47,4948023.55,4.49,45,Medium,Finance,New Product Launch,3.43,5.66,2,1,5,69.55,16.84,1,30.63,4.33
PRJ-1855,2022-12-22,2023-11-02,315,2390105.64,2257408.25,-5.55,27,High,Marketing,Cost Reduction,1.0,6.99,20,2,4,84.39,28.66,1,27.83,3.68
PRJ-1856,2021-04-29,2022-03-25,330,4302239.93,4422372.94,2.79,20,Medium,HR,Compliance,5.1,6.24,6,2,2,84.12,56.51,0,-24.69,1.79
PRJ-1857,2021-06-02,2021-07-29,57,4520110.69,3898375.14,-13.75,7,Medium,IT,New Product Launch,6.49,6.8,18,0,6,83.73,71.39,1,11.67,2.92
PRJ-1858,2020-08-30,2021-04-23,236,2672138.49,3407339.95,27.51,15,Medium,IT,Compliance,5.49,4.33,18,0,3,86.19,37.96,0,-6.89,2.17
PRJ-1859,2022-10-04,2022-12-27,84,3547476.03,3131994.76,-11.71,21,Medium,Finance,Cost Reduction,3.91,3.05,8,0,2,80.5,38.21,0,-21.4,1.56
PRJ-1860,2022-09-05,2022-12-30,116,2054514.8,2543419.01,23.8,18,High,Operations,Cost Reduction,5.44,6.82,17,0,5,76.76,30.94,1,23.72,3.44
PRJ-1861,2022-07-23,2023-07-11,353,3859243.88,3895590.43,0.94,4,Medium,HR,Process Improvement,6.25,5.06,1,0,8,85.51,51.05,0,-25.98,1.48
PRJ-1862,2020-08-30,2021-04-16,229,4644743.79,4214074.69,-9.27,43,Medium,Marketing,Cost Reduction,4.04,7.37,20,5,4,83.9,52.52,0,-16.34,1.79
PRJ-1863,2021-11-02,2022-10-08,340,571974.7,657613.3,14.97,27,High,Finance,System Upgrade,5.7,3.71,1,1,2,87.7,46.12,1,12.07,3.45
PRJ-1864,2021-04-06,2021-07-31,116,4326053.46,3869191.52,-10.56,30,High,Marketing,New Product Launch,4.36,6.44,6,2,4,73.41,51.54,1,15.18,2.47
PRJ-1865,2022-10-27,2023-05-13,198,265555.56,246612.74,-7.13,6,High,Finance,Cost Reduction,6.14,7.19,3,1,9,69.74,72.3,0,-5.59,1.3
PRJ-1866,2020-11-23,2021-03-26,123,1132418.46,912623.8,-19.41,48,High,IT,System Upgrade,6.93,1.76,6,0,2,85.45,33.24,1,50.49,3.22
PRJ-1867,2022-11-24,2022-12-29,35,2136730.69,2914322.92,36.39,3,High,Marketing,Cost Reduction,4.84,9.56,9,1,11,82.82,48.46,0,2.09,2.48
PRJ-1868,2021-04-19,2021-08-19,122,3099096.91,2987259.45,-3.61,39,Medium,Marketing,Cost Reduction,5.92,4.19,4,2,7,83.24,56.47,0,-10.66,1.99
PRJ-1869,2022-03-22,2022-10-26,218,991687.42,785936.36,-20.75,13,High,Finance,New Product Launch,7.88,3.06,10,4,5,80.87,71.81,1,25.82,2.05
PRJ-1870,2021-03-13,2021-08-19,159,1161622.35,1242567.57,6.97,24,Low,Finance,Compliance,6.79,6.26,13,1,3,87.58,56.06,0,-18.63,2.37
PRJ-1871,2020-09-04,2021-06-14,283,572054.87,544034.45,-4.9,35,Medium,Finance,Cost Reduction,9.57,9.35,12,1,6,77.73,65.69,1,25.82,2.44
PRJ-1872,2021-03-19,2022-02-25,343,62219.09,62614.83,0.64,26,Medium,HR,Process Improvement,6.72,5.52,17,3,5,85.19,42.0,0,-8.23,1.64
PRJ-1873,2021-06-23,2021-10-19,118,1938965.63,2508503.9,29.37,33,Medium,HR,Process Improvement,6.6,5.9,9,2,9,83.79,52.82,1,14.23,3.18
PRJ-1874,2022-07-27,2023-05-23,300,1712696.44,1892363.08,10.49,20,Medium,Marketing,Cost Reduction,4.63,3.58,9,0,5,78.11,40.2,0,-11.2,2.35
PRJ-1875,2022-11-24,2023-11-16,357,3600494.86,3789589.57,5.25,42,Low,Finance,Cost Reduction,4.95,5.46,17,2,3,92.03,55.08,0,-13.54,1.78
PRJ-1876,2021-07-23,2022-07-05,347,4498430.14,3989472.31,-11.31,34,Low,Marketing,System Upgrade,3.05,2.29,17,1,4,75.67,28.86,0,-11.08,1.97
PRJ-1877,2021-04-15,2021-11-21,220,3012810.71,3106663.47,3.12,49,Medium,Operations,System Upgrade,1.4,5.5,20,0,2,69.33,39.61,1,30.85,3.37
PRJ-1878,2021-07-08,2021-11-30,145,3814643.24,4020656.67,5.4,38,High,HR,Process Improvement,6.48,4.29,3,3,7,76.5,64.48,0,-23.82,1.8
PRJ-1879,2020-09-12,2020-10-14,32,3665011.12,3950792.73,7.8,6,Medium,HR,Process Improvement,6.34,4.16,14,2,6,87.64,34.5,0,-5.34,1.5
PRJ-1880,2021-04-28,2021-10-30,185,2531647.26,2029082.87,-19.85,48,Medium,HR,New Product Launch,6.06,3.87,7,1,6,63.33,42.12,0,-14.19,2.82
PRJ-1881,2022-10-24,2023-01-19,87,4177846.45,5665199.43,35.6,4,Low,Operations,Process Improvement,5.23,9.79,19,1,4,93.24,57.69,1,25.24,3.06
PRJ-1882,2020-06-27,2021-02-12,230,2741507.83,2301483.18,-16.05,42,Medium,Finance,New Product Launch,1.0,4.32,20,2,2,76.03,27.97,0,-16.26,2.0
PRJ-1883,2020-11-20,2021-08-11,264,3947909.89,4761528.0,20.61,49,Low,Operations,Cost Reduction,7.5,4.88,16,0,8,79.14,72.16,1,14.38,2.81
PRJ-1884,2020-11-15,2021-09-29,318,446951.2,610052.7,36.49,47,High,Finance,Process Improvement,2.61,3.68,5,2,4,77.21,28.8,0,-15.19,2.84
PRJ-1885,2020-01-31,2020-07-01,152,4885464.27,5229993.06,7.05,27,High,Marketing,Cost Reduction,1.35,5.55,14,2,1,79.56,29.51,1,30.69,3.5
PRJ-1886,2022-07-24,2023-03-19,238,2970305.2,3525793.48,18.7,45,Medium,IT,Cost Reduction,6.32,6.84,1,1,5,96.39,54.64,0,-19.53,2.7
PRJ-1887,2022-01-05,2022-09-24,262,1605636.99,1924427.56,19.85,35,Low,Operations,Compliance,5.28,3.83,3,5,4,94.99,46.65,0,-10.32,1.4
PRJ-1888,2021-08-17,2022-08-08,356,2478107.35,2314803.51,-6.59,31,Medium,HR,Cost Reduction,5.51,6.1,15,6,2,87.44,62.48,0,-8.73,1.27
PRJ-1889,2021-07-30,2022-01-20,174,2889971.14,3474572.21,20.23,38,Medium,Finance,Compliance,4.9,5.75,18,0,4,92.36,39.62,0,-15.85,2.36
PRJ-1890,2021-01-31,2021-03-28,56,1986529.92,2060107.31,3.7,15,Medium,IT,New Product Launch,5.41,4.64,19,1,1,76.48,52.22,1,26.49,3.39
PRJ-1891,2022-04-25,2022-06-30,66,902078.02,786056.6,-12.86,11,Medium,Finance,Process Improvement,6.05,3.51,16,1,6,100.7,26.27,1,17.68,3.66
PRJ-1892,2022-12-01,2023-01-26,56,1262198.22,1434567.7,13.66,43,Medium,IT,Compliance,1.95,10.0,11,4,6,71.37,55.72,0,-10.22,2.06
PRJ-1893,2020-06-22,2020-09-21,91,4907981.09,4573391.45,-6.82,25,Low,Operations,System Upgrade,8.01,1.0,9,2,5,74.09,68.53,0,-23.71,1.52
PRJ-1894,2022-05-03,2022-12-20,231,1707632.62,976341.73,-42.82,15,Low,Operations,New Product Launch,8.4,2.98,5,5,5,73.25,61.35,0,-7.28,1.0
PRJ-1895,2021-01-06,2021-05-05,119,2263722.86,2949311.52,30.29,49,High,Finance,Process Improvement,2.47,3.66,1,3,0,87.27,28.86,0,-9.6,2.13
PRJ-1896,2021-02-23,2021-07-07,134,4475764.18,5419623.15,21.09,45,Medium,HR,Compliance,7.17,3.64,15,0,9,91.77,49.9,0,-26.94,1.84
PRJ-1897,2022-09-03,2023-03-22,200,2815332.41,4180677.25,48.5,32,Medium,HR,Process Improvement,2.11,3.24,2,2,1,85.35,35.45,0,-16.66,1.29
PRJ-1898,2020-12-04,2021-10-02,302,3062263.7,2430021.68,-20.65,12,Medium,Operations,Cost Reduction,2.62,2.57,2,1,6,72.08,7.56,1,23.11,3.85
PRJ-1899,2021-07-22,2022-07-13,356,2182450.36,2604063.6,19.32,30,Medium,HR,Compliance,2.76,6.9,12,2,4,92.62,57.72,0,-13.3,1.66
PRJ-1900,2020-06-27,2021-05-15,322,4702141.88,4165282.1,-11.42,18,High,IT,Cost Reduction,2.79,7.08,1,1,6,83.04,35.66,0,-14.14,2.08
PRJ-1901,2022-02-13,2022-03-30,45,780045.67,770621.0,-1.21,27,High,Operations,New Product Launch,4.18,3.55,9,4,3,109.25,38.76,1,20.32,3.88
PRJ-1902,2022-09-18,2022-10-23,35,2344830.79,1978902.87,-15.61,35,High,Marketing,System Upgrade,1.76,6.7,5,5,0,70.78,40.35,1,23.65,3.61
PRJ-1903,2021-12-05,2022-01-08,34,4077437.92,2889176.51,-29.14,46,Medium,Operations,Process Improvement,5.5,3.7,18,4,5,83.55,64.85,1,27.86,2.51
PRJ-1904,2021-05-07,2021-10-15,161,4552900.76,3961526.33,-12.99,30,Medium,Finance,Cost Reduction,2.11,5.95,5,1,2,101.87,38.19,0,-8.7,2.3
PRJ-1905,2022-10-01,2023-01-30,121,2303734.25,3420890.54,48.49,25,High,Operations,System Upgrade,1.86,2.67,5,4,1,95.57,8.97,1,31.75,3.23
PRJ-1906,2021-02-04,2021-07-11,157,2423346.53,1611299.42,-33.51,42,High,IT,New Product Launch,4.64,5.39,16,0,3,88.8,49.69,1,17.36,3.52
PRJ-1907,2021-11-27,2022-08-03,249,1058331.29,1252110.58,18.31,24,High,Finance,New Product Launch,9.47,4.38,9,6,4,109.52,61.61,0,-14.85,1.44
PRJ-1908,2020-05-20,2020-07-11,52,3546483.03,4023517.38,13.45,19,Medium,Marketing,Process Improvement,4.83,6.9,16,1,5,69.3,58.96,1,25.84,3.27
PRJ-1909,2022-06-22,2022-12-25,186,160298.02,152098.09,-5.12,14,Medium,HR,Process Improvement,9.07,4.17,13,1,2,90.82,74.13,0,-17.32,2.18
PRJ-1910,2022-09-12,2023-09-04,357,3150512.46,3272130.29,3.86,30,Medium,Operations,Cost Reduction,6.08,2.51,5,1,2,85.8,37.45,1,10.11,2.72
PRJ-1911,2022-02-23,2023-01-05,316,2595523.22,3645528.17,40.45,9,High,Operations,Process Improvement,4.96,3.59,13,1,3,72.53,25.58,0,-15.71,2.95
PRJ-1912,2022-06-08,2023-03-31,296,3927157.78,5610692.88,42.87,21,High,Operations,Cost Reduction,7.74,8.51,15,2,4,80.92,62.9,0,-15.15,1.27
PRJ-1913,2021-02-10,2021-07-10,150,1948004.75,1542520.62,-20.82,4,High,HR,Process Improvement,2.06,4.56,2,2,1,91.95,26.55,0,-15.82,2.82
PRJ-1914,2021-11-22,2022-02-11,81,4207524.58,4286786.7,1.88,36,Medium,Operations,Cost Reduction,4.35,5.5,12,0,4,92.38,51.59,0,-16.57,2.37
PRJ-1915,2022-03-05,2023-01-03,304,157121.42,194453.32,23.76,45,High,Marketing,Process Improvement,4.54,3.08,13,1,3,100.84,16.38,0,-4.96,3.18
PRJ-1916,2020-01-03,2020-03-13,70,4802091.17,7233496.51,50.63,49,High,IT,Compliance,2.18,6.25,12,0,3,89.46,16.81,0,-1.25,2.88
PRJ-1917,2022-02-24,2022-07-17,143,3464388.51,3846743.36,11.04,13,High,HR,Process Improvement,3.66,3.94,2,2,4,80.83,30.21,1,6.64,3.52
PRJ-1918,2021-03-16,2022-01-30,320,1407327.65,1593237.54,13.21,48,Medium,Marketing,Cost Reduction,5.02,4.96,3,2,6,92.56,42.67,0,-15.84,1.64
PRJ-1919,2021-05-20,2022-02-13,269,3051017.01,2825862.06,-7.38,31,High,Operations,Compliance,6.3,6.36,9,2,3,91.05,80.0,0,-5.19,1.69
PRJ-1920,2020-07-28,2021-01-22,178,1473224.98,1655630.48,12.38,34,Low,Finance,Compliance,3.92,5.11,4,0,8,84.25,39.98,0,-14.54,1.67
PRJ-1921,2021-10-01,2022-06-16,258,3504900.57,2706287.06,-22.79,25,Medium,Operations,Compliance,4.19,7.42,9,3,2,72.93,50.93,0,-22.56,1.33
PRJ-1922,2022-05-20,2023-03-15,299,1760150.71,2169112.18,23.23,32,High,Finance,Cost Reduction,4.79,5.41,10,1,4,97.09,33.19,1,10.63,3.6
PRJ-1923,2022-07-04,2023-05-27,327,1718356.36,2600544.67,51.34,40,Medium,Finance,Compliance,3.85,1.82,14,0,2,92.67,37.6,1,15.42,3.11
PRJ-1924,2021-10-30,2022-06-30,243,1972505.97,1478437.02,-25.05,39,Medium,Marketing,System Upgrade,5.21,5.64,4,0,7,88.26,43.83,1,30.84,3.13
PRJ-1925,2021-05-11,2021-07-03,53,3677343.76,3302160.25,-10.2,8,High,Finance,New Product Launch,6.61,6.84,9,1,4,80.14,51.56,1,17.37,2.92
PRJ-1926,2021-05-23,2021-07-22,60,4256044.32,4695399.88,10.32,33,High,Marketing,Compliance,7.03,5.65,12,3,7,68.01,66.26,0,-20.4,1.56
PRJ-1927,2020-12-10,2021-08-02,235,3745924.59,3433658.08,-8.34,41,Medium,HR,Process Improvement,6.29,4.31,17,2,7,85.73,48.18,1,15.34,2.75
PRJ-1928,2020-01-21,2020-11-18,302,2818770.68,3234248.82,14.74,38,Medium,Operations,Process Improvement,5.37,5.88,16,3,4,69.65,34.77,0,-20.12,1.67
PRJ-1929,2022-01-06,2022-02-28,53,4429370.3,4951536.52,11.79,11,Medium,HR,Process Improvement,3.94,7.37,13,0,5,86.86,32.43,0,-4.22,2.51
PRJ-1930,2020-10-19,2021-02-12,116,4385576.59,2307399.66,-47.39,26,Medium,Operations,System Upgrade,10.0,3.9,15,4,11,85.53,66.05,1,14.65,2.12
PRJ-1931,2021-10-25,2022-09-23,333,736174.26,853246.71,15.9,29,High,Finance,Cost Reduction,4.46,3.64,17,2,0,80.43,38.78,0,-13.11,3.2
PRJ-1932,2021-02-27,2021-05-27,89,4989441.77,6307526.33,26.42,20,Medium,Finance,New Product Launch,4.74,7.04,12,2,7,103.07,59.27,0,-7.64,2.0
PRJ-1933,2020-03-06,2020-08-12,159,1982554.18,2126729.97,7.27,25,Medium,Marketing,Cost Reduction,7.18,5.14,5,3,1,75.84,56.81,0,-15.17,2.14
PRJ-1934,2020-06-01,2021-04-28,331,4151875.93,4417456.16,6.4,28,Low,HR,Cost Reduction,7.2,5.74,6,4,5,97.68,60.63,0,-10.69,2.09
PRJ-1935,2020-01-02,2020-11-09,312,2406652.38,3337220.19,38.67,22,Medium,Operations,Cost Reduction,2.61,6.25,14,2,2,77.69,48.76,0,-12.29,1.64
PRJ-1936,2020-04-23,2020-11-26,217,1126645.13,1290483.18,14.54,35,Medium,Operations,Cost Reduction,5.49,8.05,8,3,4,83.14,49.75,1,29.56,2.46
PRJ-1937,2022-02-10,2022-04-22,71,1934598.5,1309992.87,-32.29,3,High,HR,New Product Launch,3.35,4.43,10,4,5,78.46,44.36,1,9.12,2.71
PRJ-1938,2021-02-24,2021-04-19,54,2553912.27,3042718.55,19.14,43,Medium,Marketing,System Upgrade,5.5,5.81,19,4,3,84.45,63.71,0,-29.19,1.08
PRJ-1939,2022-10-27,2023-04-05,160,1340101.24,935220.09,-30.21,43,High,Marketing,Compliance,8.17,5.75,6,1,6,96.37,42.95,1,19.41,1.96
PRJ-1940,2021-05-27,2021-10-29,155,3553413.51,3535814.9,-0.5,15,High,Operations,Compliance,4.94,5.03,1,0,9,88.55,31.91,0,-13.89,2.41
PRJ-1941,2022-08-19,2023-07-20,335,2959205.5,3646014.08,23.21,23,Medium,Operations,Compliance,8.49,1.95,2,4,7,83.15,73.95,0,-11.31,1.37
PRJ-1942,2022-03-09,2022-07-12,125,1209095.66,1690286.61,39.8,40,Medium,HR,New Product Launch,3.39,2.98,19,1,3,70.9,33.56,1,24.53,3.29
PRJ-1943,2020-05-19,2020-12-01,196,341082.44,371418.48,8.89,6,High,HR,System Upgrade,1.92,6.77,17,3,1,90.12,22.33,0,-13.68,1.32
PRJ-1944,2020-09-24,2021-07-07,286,1333006.09,1676316.98,25.75,14,Medium,IT,Cost Reduction,6.6,4.86,14,6,3,75.77,58.65,0,-11.42,1.24
PRJ-1945,2021-02-02,2021-12-04,305,3688227.73,3484409.24,-5.53,44,Medium,Operations,New Product Launch,1.0,6.0,7,2,1,92.51,27.9,1,16.47,2.66
PRJ-1946,2020-09-23,2020-11-08,46,2577677.15,3320930.53,28.83,41,Medium,Marketing,System Upgrade,5.34,4.65,17,2,3,98.77,51.68,0,-19.08,1.19
PRJ-1947,2020-07-06,2020-09-02,58,1987920.04,1811829.37,-8.86,24,Low,IT,Cost Reduction,6.11,6.29,15,2,4,102.81,44.78,1,28.39,2.54
PRJ-1948,2022-08-09,2023-06-04,299,852617.77,1238389.96,45.25,25,High,IT,Cost Reduction,6.19,7.96,13,5,8,80.65,61.48,0,-18.78,1.5
PRJ-1949,2021-09-12,2022-04-22,222,1545260.86,1553482.14,0.53,19,Low,IT,Process Improvement,3.47,6.84,3,2,4,90.54,46.55,1,29.17,1.53
PRJ-1950,2021-02-26,2021-07-06,130,2542564.94,2601976.06,2.34,22,High,HR,System Upgrade,4.9,4.78,18,3,5,81.03,71.52,1,43.15,2.53
PRJ-1951,2021-07-24,2022-05-10,290,4929716.69,4576597.58,-7.16,32,Low,HR,Cost Reduction,6.28,4.21,13,4,3,78.83,59.02,0,-10.42,1.82
PRJ-1952,2020-07-20,2020-11-15,118,4606210.79,6556693.51,42.34,24,High,Marketing,Process Improvement,1.87,1.0,8,3,2,79.26,26.17,0,-8.48,1.99
PRJ-1953,2022-11-10,2023-04-19,160,2259353.43,2738236.61,21.2,44,Low,IT,Compliance,6.5,4.38,4,1,4,93.2,47.11,1,24.7,2.38
PRJ-1954,2020-01-13,2020-05-01,109,4294563.41,3973703.24,-7.47,24,Medium,Finance,Compliance,6.41,4.45,15,1,8,87.32,36.2,1,22.68,3.27
PRJ-1955,2022-08-22,2023-01-27,158,168747.57,228776.86,35.57,16,Medium,Finance,System Upgrade,4.82,4.72,20,2,2,71.61,32.04,1,6.89,3.24
PRJ-1956,2021-04-27,2021-09-14,140,3586780.41,3041356.99,-15.21,41,High,Finance,Compliance,4.56,4.88,2,3,6,86.9,62.59,0,-9.08,3.0
PRJ-1957,2021-01-28,2021-03-27,58,4681315.81,3446051.07,-26.39,15,Low,IT,Process Improvement,6.73,4.87,15,2,3,81.16,50.91,1,15.3,2.84
PRJ-1958,2022-01-14,2022-03-05,50,1885032.14,1443305.38,-23.43,44,Low,Operations,New Product Launch,1.06,4.39,13,2,1,98.93,9.05,0,-25.46,2.63
PRJ-1959,2022-02-15,2022-04-11,55,369385.93,357985.6,-3.09,21,Low,Marketing,Process Improvement,6.2,4.87,5,2,3,91.26,40.37,0,-17.86,1.49
PRJ-1960,2021-03-06,2021-04-29,54,4099235.25,3127640.72,-23.7,49,High,Finance,Process Improvement,4.07,1.35,14,2,1,74.12,21.87,0,-6.98,2.52
PRJ-1961,2022-05-27,2023-05-20,358,4558035.01,6178507.96,35.55,15,Medium,Operations,Cost Reduction,7.48,5.64,11,2,5,80.49,40.68,0,-17.18,1.53
PRJ-1962,2022-12-16,2023-12-09,358,3765287.34,4214868.8,11.94,20,High,Finance,Cost Reduction,6.62,5.14,13,2,8,91.97,51.98,1,38.0,2.91
PRJ-1963,2022-11-08,2022-12-26,48,1660178.64,1735015.9,4.51,5,Medium,IT,New Product Launch,3.16,6.31,5,2,2,92.14,32.58,0,-6.97,1.85
PRJ-1964,2020-07-07,2021-06-29,357,2594559.65,2468643.16,-4.85,15,Medium,Finance,System Upgrade,8.37,2.87,1,1,4,72.7,49.22,1,23.13,2.97
PRJ-1965,2020-03-31,2020-11-21,235,1818530.7,2239979.37,23.18,24,Medium,Operations,System Upgrade,4.33,4.36,16,1,3,76.12,15.21,0,-31.25,3.44
PRJ-1966,2022-06-12,2023-04-10,302,832071.44,807660.83,-2.93,13,Medium,IT,Cost Reduction,5.4,3.88,16,1,5,85.53,28.25,0,-18.51,2.48
PRJ-1967,2020-12-07,2021-10-25,322,2483802.6,2429880.42,-2.17,21,Medium,Finance,New Product Launch,1.0,4.67,1,0,2,85.52,12.89,0,-21.8,2.34
PRJ-1968,2021-08-18,2022-05-19,274,435973.4,584978.93,34.18,44,Medium,Operations,Process Improvement,5.27,5.33,11,2,2,93.76,48.06,0,-6.88,1.91
PRJ-1969,2021-01-09,2021-11-28,323,2523353.09,2375110.59,-5.87,37,Low,Marketing,Cost Reduction,1.03,4.48,10,0,1,87.86,23.68,1,26.39,3.54
PRJ-1970,2022-09-10,2023-05-17,249,2866529.38,3438359.75,19.95,36,High,Finance,System Upgrade,2.07,3.32,10,2,1,94.77,12.86,1,27.75,3.85
PRJ-1971,2020-02-15,2020-11-29,288,274251.95,317571.91,15.8,47,Medium,Marketing,Compliance,4.88,7.39,10,2,3,96.89,63.93,1,33.18,3.05
PRJ-1972,2020-04-26,2020-07-02,67,4355380.31,4160512.63,-4.47,41,Low,Finance,New Product Launch,8.1,6.52,11,2,7,75.1,59.19,0,-28.54,1.58
PRJ-1973,2020-06-06,2020-11-18,165,3797809.3,4945298.65,30.21,29,High,Operations,New Product Launch,6.41,3.57,2,3,2,86.44,39.53,0,-13.92,2.48
PRJ-1974,2021-05-07,2021-08-26,111,2682633.16,2814908.66,4.93,32,High,Marketing,Cost Reduction,5.05,4.35,7,4,4,89.29,59.94,1,31.7,3.92
PRJ-1975,2022-03-16,2022-11-04,233,2340874.25,3134812.97,33.92,40,Medium,Operations,Process Improvement,4.9,7.4,4,1,6,103.54,21.15,0,-19.03,2.56
PRJ-1976,2022-06-12,2022-10-22,132,597522.28,664892.46,11.27,30,Low,Marketing,System Upgrade,3.65,4.99,15,3,3,86.75,37.02,0,-16.19,2.14
PRJ-1977,2022-11-26,2023-08-04,251,2856773.32,2066052.5,-27.68,5,High,Finance,New Product Launch,4.77,7.15,15,3,2,72.59,54.9,0,-8.48,1.07
PRJ-1978,2020-01-11,2020-05-03,113,2026413.15,1889146.95,-6.77,15,Medium,Finance,New Product Launch,5.79,2.79,5,0,1,95.26,29.77,0,-5.11,2.99
PRJ-1979,2021-12-04,2022-05-13,160,4931575.59,5232628.99,6.1,33,Medium,Marketing,New Product Launch,2.64,3.95,16,5,3,90.02,17.97,1,5.84,3.26
PRJ-1980,2022-12-23,2023-03-11,78,2890581.42,2151167.18,-25.58,7,Medium,Finance,Process Improvement,3.2,4.07,18,1,2,69.3,33.74,0,-6.57,2.14
PRJ-1981,2022-09-16,2023-06-05,262,424877.55,504011.52,18.63,34,Medium,IT,New Product Launch,2.74,7.82,8,3,5,77.64,43.38,1,18.84,3.54
PRJ-1982,2022-02-28,2022-06-04,96,1143964.32,915495.95,-19.97,47,High,Operations,New Product Launch,5.41,1.41,6,2,7,75.96,38.68,1,31.09,3.25
PRJ-1983,2020-06-23,2021-04-26,307,2745963.33,3248344.5,18.3,23,High,Marketing,Compliance,8.08,4.99,15,3,7,77.06,67.9,0,-4.69,1.54
PRJ-1984,2021-03-31,2022-01-09,284,3368014.11,2913949.85,-13.48,32,Medium,IT,New Product Launch,9.23,5.26,16,4,5,83.11,45.29,1,10.88,2.91
PRJ-1985,2022-04-21,2022-11-14,207,3464285.47,2832109.52,-18.25,27,Medium,IT,Cost Reduction,5.46,5.03,1,2,3,71.09,44.87,0,-12.88,1.17
PRJ-1986,2021-02-27,2021-05-21,83,2383577.75,2565717.95,7.64,39,Medium,Operations,New Product Launch,3.58,7.19,1,2,3,79.48,31.45,0,-21.07,2.38
PRJ-1987,2022-05-16,2022-12-13,211,681464.31,918633.46,34.8,15,High,IT,New Product Launch,7.98,7.71,2,1,13,88.46,56.58,0,-18.19,2.16
PRJ-1988,2022-09-01,2023-01-28,149,94521.75,83234.97,-11.94,41,High,Finance,System Upgrade,5.58,2.5,7,2,3,87.58,50.7,0,-16.71,1.95
PRJ-1989,2020-08-16,2021-04-24,251,2167112.6,2305611.83,6.39,40,High,Marketing,Process Improvement,1.86,6.39,3,0,2,84.85,15.61,1,24.85,3.87
PRJ-1990,2020-01-21,2020-08-18,210,4698392.5,5785270.12,23.13,49,High,HR,New Product Launch,5.56,3.0,20,2,3,93.34,36.24,1,22.74,3.15
PRJ-1991,2021-06-11,2021-11-12,154,357288.5,403669.2,12.98,27,Medium,Marketing,Cost Reduction,5.36,4.86,15,0,5,79.26,43.85,0,-10.24,2.04
PRJ-1992,2022-04-21,2023-01-20,274,3562417.01,4301368.49,20.74,39,Medium,Marketing,Process Improvement,6.8,2.87,10,0,2,83.06,54.74,0,-18.01,1.58
PRJ-1993,2022-08-07,2023-05-03,269,4327148.99,4339131.24,0.28,35,Low,HR,Cost Reduction,4.54,4.39,15,1,3,83.75,45.38,1,16.97,3.32
PRJ-1994,2020-06-21,2020-12-28,190,1297631.96,1276299.48,-1.64,18,Low,IT,New Product Launch,7.85,5.84,11,1,9,72.09,46.63,0,-24.61,2.41
PRJ-1995,2022-02-03,2022-06-07,124,2290787.15,1730976.05,-24.44,33,High,IT,Compliance,6.38,4.68,18,1,7,94.96,45.34,1,22.14,3.24
PRJ-1996,2021-12-23,2022-07-08,197,3385903.38,2542554.63,-24.91,11,Medium,Finance,Cost Reduction,1.75,6.45,1,4,4,88.93,25.02,1,11.18,3.76
PRJ-1997,2020-06-12,2021-03-12,273,206034.82,212961.2,3.36,26,Medium,Marketing,Process Improvement,4.19,8.64,2,2,4,84.8,47.73,0,-20.38,1.82
PRJ-1998,2022-07-05,2023-05-17,316,426143.83,627421.21,47.23,15,High,IT,Process Improvement,6.05,9.59,18,1,2,103.21,71.58,1,23.64,2.38
PRJ-1999,2021-12-16,2022-11-03,322,4856383.93,4716048.02,-2.89,9,Medium,HR,Compliance,6.75,3.12,5,2,6,85.7,50.19,1,26.5,1.77
